"datetime","total_locked_value","apy_1m","apy_1w","benchmark","pct_benchmark","id","vault_id","apy_ytd","risk_factor","all_time_high_per_share","total_shares","sortino_ratio","downside_risk","earned_fee","fee_structure","unique_depositors","projected_apy"
"2024-12-09 03:41:02.468025+00","0.22973579","13.382661416389553","10.439558094247769","99008.01006455","2907.0186829565732","1d5b95ca-93dd-4704-89b8-b388b86e0c70","2f782919-aa2f-403c-815d-37270c804660","0","0.00044252354015032806","1.104522","0.20799567065281202","6.5829299246268205","0.0020576948109280154","0","{""deposit_fee"":0.0,""exit_fee"":0.0,""performance_fee"":0.0,""management_fee"":1.0}",5,NULL
"2024-12-09 00:06:33.011673+00","0.22973579","3.5261307209204062","0","100938.87441509","2965.6618692254733","c6e5199f-3d51-4042-a0c3-17f51af5e184","2f782919-aa2f-403c-815d-37270c804660","0","0.0009687835401437524","1.097693","0.20799567065281202","7.224543527877096","0.0016454885661227416","0","{""deposit_fee"":0.0,""exit_fee"":0.0,""performance_fee"":0.0,""management_fee"":1.0}",5,NULL
"2024-12-08 16:06:33.71191+00","0.22973579","3.8132852484875635","0","99971.56202804","2936.283171297717","8cfa4c27-ef02-41b4-a1b6-099a8db1ff75","2f782919-aa2f-403c-815d-37270c804660","0","0.0009687835401437524","1.097693","0.20799567065281202","7.233413443467903","0.0016475088106725634","0","{""deposit_fee"":0.0,""exit_fee"":0.0,""performance_fee"":0.0,""management_fee"":1.0}",5,NULL
"2024-12-08 08:06:31.755072+00","0.19973579","3.8132852484875635","0","99574.12036302","2924.212284191499","52358456-1c56-4b18-b457-e538493471a7","2f782919-aa2f-403c-815d-37270c804660","0","0.0009687835401437524","1.097693","0.180834600072054","7.233413443467903","0.0016475088106725634","0","{""deposit_fee"":0.0,""exit_fee"":0.0,""performance_fee"":0.0,""management_fee"":1.0}",4,NULL
"2024-12-08 00:06:30.220633+00","0.19973579","3.8132852484875635","0","99860.98694242","2932.924843541083","bf37d63b-04fe-48ae-81c2-327f037fa76d","2f782919-aa2f-403c-815d-37270c804660","0","0.0009687835401437524","1.097693","0.180834600072054","7.233413443467903","0.0016475088106725634","0","{""deposit_fee"":0.0,""exit_fee"":0.0,""performance_fee"":0.0,""management_fee"":1.0}",4,NULL
"2024-12-07 16:06:33.574238+00","0.19973579","4.144173279150687","0","99685.54565933","2927.596434095529","b34ee81f-ba72-4966-a877-99f3d07acc58","2f782919-aa2f-403c-815d-37270c804660","0","0.0009687835401437524","1.097693","0.180834600072054","7.242316109536906","0.0016495365145915764","0","{""deposit_fee"":0.0,""exit_fee"":0.0,""performance_fee"":0.0,""management_fee"":1.0}",4,NULL
"2024-12-07 08:06:33.620218+00","0.19973579","4.144173279150687","0","99471.60267476","2921.098671426932","1c4052ab-5871-46ce-8d59-d9c219db772f","2f782919-aa2f-403c-815d-37270c804660","0","0.0009687835401437524","1.097693","0.180834600072054","7.242316109536906","0.0016495365145915764","0","{""deposit_fee"":0.0,""exit_fee"":0.0,""performance_fee"":0.0,""management_fee"":1.0}",4,NULL
"2024-12-07 00:06:34.877022+00","0.19973579","4.144173279150687","0","99684.82129077","2927.5744339584508","6c6e5c49-d160-4f9f-bacf-1c2b8fac9cbe","2f782919-aa2f-403c-815d-37270c804660","0","0.0009687835401437524","1.097693","0.180834600072054","7.242316109536906","0.0016495365145915764","0","{""deposit_fee"":0.0,""exit_fee"":0.0,""performance_fee"":0.0,""management_fee"":1.0}",4,NULL
"2024-12-06 16:06:29.109147+00","0.19973579","4.525058866332676","0","99341.90685723","2917.1596189587553","cd06f17f-bd82-4f52-97bb-b097bb14648d","2f782919-aa2f-403c-815d-37270c804660","0","0.0009687835401437524","1.097693","0.180834600072054","7.2512517281230195","0.0016515717238969043","0","{""deposit_fee"":0.0,""exit_fee"":0.0,""performance_fee"":0.0,""management_fee"":1.0}",4,NULL
"2024-12-06 08:06:32.09395+00","0.19943361","4.525058866332676","0","98224.13956115","2883.211384464202","5703bc02-5560-47bc-8ece-48bc8cdefaf8","2f782919-aa2f-403c-815d-37270c804660","0","0.0009687835401437524","1.097693","0.180834600072054","7.2512517281230195","0.0016515717238969043","0","{""deposit_fee"":0.0,""exit_fee"":0.0,""performance_fee"":0.0,""management_fee"":1.0}",4,NULL
"2024-12-06 00:06:34.576279+00","0.19943361","4.525058866332676","0","96612.14269205","2834.2526719409334","7a2d397b-38e8-4776-a268-2297ad8300af","2f782919-aa2f-403c-815d-37270c804660","0","0.0009687835401437524","1.097693","0.180834600072054","7.2512517281230195","0.0016515717238969043","0","{""deposit_fee"":0.0,""exit_fee"":0.0,""performance_fee"":0.0,""management_fee"":1.0}",4,NULL
"2024-12-05 16:06:31.352638+00","0.19943361","4.860738037848744","0","101687.29367942","2988.3924615185383","1469138e-bfad-473f-b7f3-e70f5ef29b0b","2f782919-aa2f-403c-815d-37270c804660","0","0.0009687835401437524","1.097693","0.180834600072054","7.260220503014407","0.0016536144850040882","0","{""deposit_fee"":0.0,""exit_fee"":0.0,""performance_fee"":0.0,""management_fee"":1.0}",4,NULL
"2024-12-05 08:06:33.730411+00","0.19964212","4.860738037848744","0","102463.41567741","3011.964426521046","35b7836c-034e-47ba-9c6c-91a304734cba","2f782919-aa2f-403c-815d-37270c804660","0","0.0009687835401437524","1.097693","0.180834600072054","7.260220503014407","0.0016536144850040882","0","{""deposit_fee"":0.0,""exit_fee"":0.0,""performance_fee"":0.0,""management_fee"":1.0}",4,NULL
"2024-12-05 00:06:31.161764+00","0.19964212","4.860738037848744","0","98522.35670916","2892.2686772535376","883cc02b-2b40-4ea6-a8de-7a2aecd1c27c","2f782919-aa2f-403c-815d-37270c804660","0","0.0009687835401437524","1.097693","0.180834600072054","7.260220503014407","0.0016536144850040882","0","{""deposit_fee"":0.0,""exit_fee"":0.0,""performance_fee"":0.0,""management_fee"":1.0}",4,NULL
"2024-12-04 16:06:32.538449+00","0.19964212","5.039541934422775","0","95579.46915492","2802.888859886533","95264e27-856b-4664-93ec-81729d76e397","2f782919-aa2f-403c-815d-37270c804660","0","0.0009687835401437524","1.097693","0.180834600072054","7.26922263976801","0.0016556648447315326","0","{""deposit_fee"":0.0,""exit_fee"":0.0,""performance_fee"":0.0,""management_fee"":1.0}",4,NULL
"2024-12-04 08:06:33.525668+00","0.19965713","5.039541934422775","0","96672.41310108","2836.083172784901","3221d543-5310-4e69-8a2f-f2e0aa9e111c","2f782919-aa2f-403c-815d-37270c804660","0","0.0009687835401437524","1.097693","0.180834600072054","7.26922263976801","0.0016556648447315326","0","{""deposit_fee"":0.0,""exit_fee"":0.0,""performance_fee"":0.0,""management_fee"":1.0}",4,NULL
"2024-12-04 00:06:29.984424+00","0.19965713","5.039541934422775","0","95918.28623425","2813.179232220911","c6d5b856-6603-4f18-b7ba-9b930f46a5fe","2f782919-aa2f-403c-815d-37270c804660","0","0.0009687835401437524","1.097693","0.180834600072054","7.26922263976801","0.0016556648447315326","0","{""deposit_fee"":0.0,""exit_fee"":0.0,""performance_fee"":0.0,""management_fee"":1.0}",4,NULL
"2024-12-03 16:06:30.685362+00","0.19965713","5.392270229155138","0","95778.37935276","2808.9300547428434","d11c32c4-49da-459e-ace3-1228dcb89480","2f782919-aa2f-403c-815d-37270c804660","0","0.0009687835401437524","1.097693","0.180834600072054","7.2782583457293395","0.0016577228503050119","0","{""deposit_fee"":0.0,""exit_fee"":0.0,""performance_fee"":0.0,""management_fee"":1.0}",4,NULL
"2024-12-03 08:06:30.886829+00","0.19935604","5.392270229155138","0","95517.96153666","2801.0207831811085","1a016bbc-413e-4a38-8f90-0d8519b24c00","2f782919-aa2f-403c-815d-37270c804660","0","0.0009687835401437524","1.097693","0.180834600072054","7.2782583457293395","0.0016577228503050119","0","{""deposit_fee"":0.0,""exit_fee"":0.0,""performance_fee"":0.0,""management_fee"":1.0}",4,NULL
"2024-12-03 00:06:34.510071+00","0.19935604","5.392270229155138","0","95778.39682401","2808.930585370366","7c78daf9-4b69-4443-ac17-164607adc0d3","2f782919-aa2f-403c-815d-37270c804660","0","0.0009687835401437524","1.097693","0.180834600072054","7.2782583457293395","0.0016577228503050119","0","{""deposit_fee"":0.0,""exit_fee"":0.0,""performance_fee"":0.0,""management_fee"":1.0}",4,NULL
"2024-12-02 16:06:31.763354+00","0.19935604","5.634411010175189","1.008106713769652","97043.62192746","2847.357330052331","0a2fab45-b9c7-452d-a008-c839e89ba94f","2f782919-aa2f-403c-815d-37270c804660","0","0.0009687835401437524","1.097693","0.180834600072054","7.287327830052525","0.0016597885493622386","0","{""deposit_fee"":0.0,""exit_fee"":0.0,""performance_fee"":0.0,""management_fee"":1.0}",4,NULL
"2024-12-02 08:06:30.915774+00","0.199413","5.634411010175189","1.008106713769652","95874.71898737","2811.8560309440877","5993dc0b-ab15-4f8d-911e-56303bd7f031","2f782919-aa2f-403c-815d-37270c804660","0","0.0009687835401437524","1.097693","0.180834600072054","7.287327830052525","0.0016597885493622386","0","{""deposit_fee"":0.0,""exit_fee"":0.0,""performance_fee"":0.0,""management_fee"":1.0}",4,NULL
"2024-12-02 00:06:29.885098+00","0.199413","5.634411010175189","1.008106713769652","97188.67743427","2851.762878843373","183ba132-b8d5-419b-a8e9-d25189b6a547","2f782919-aa2f-403c-815d-37270c804660","0","0.0009687835401437524","1.097693","0.180834600072054","7.287327830052525","0.0016597885493622386","0","{""deposit_fee"":0.0,""exit_fee"":0.0,""performance_fee"":0.0,""management_fee"":1.0}",4,NULL
"2024-12-01 16:06:36.078187+00","0.199413","5.634411010175189","1.8569118309349042","97084.21408654","2848.5901735430293","331c1745-62bb-498c-90e0-c6d5b4d24dc1","2f782919-aa2f-403c-815d-37270c804660","0","0.0009687835401437524","1.097693","0.180834600072054","7.296431303720653","0.0016618619899574963","0","{""deposit_fee"":0.0,""exit_fee"":0.0,""performance_fee"":0.0,""management_fee"":1.0}",4,NULL
"2024-12-01 08:06:30.322913+00","0.199413","5.634411010175189","1.8569118309349042","96478.87130185","2830.2050240791723","f35f9cf8-cdc0-401b-9399-acd5ff5e3e2f","2f782919-aa2f-403c-815d-37270c804660","0","0.0009687835401437524","1.097693","0.180834600072054","7.296431303720653","0.0016618619899574963","0","{""deposit_fee"":0.0,""exit_fee"":0.0,""performance_fee"":0.0,""management_fee"":1.0}",4,NULL
"2024-12-01 00:06:33.868622+00","0.199413","5.634411010175189","1.8569118309349042","96475.86596397","2830.113747553689","ac2e3ea8-b662-4a2b-9c37-2e56d241f47b","2f782919-aa2f-403c-815d-37270c804660","0","0.0009687835401437524","1.097693","0.180834600072054","7.296431303720653","0.0016618619899574963","0","{""deposit_fee"":0.0,""exit_fee"":0.0,""performance_fee"":0.0,""management_fee"":1.0}",4,NULL
"2024-11-30 16:06:33.394548+00","0.199413","6.141508221269132","2.9232548756938703","96676.66233481","2836.2122282543114","544b1c39-5aec-416f-8e5e-6b7af6612026","2f782919-aa2f-403c-815d-37270c804660","0","0.0009687835401437524","1.097693","0.180834600072054","7.305568979566387","0.0016639432205663334","0","{""deposit_fee"":0.0,""exit_fee"":0.0,""performance_fee"":0.0,""management_fee"":1.0}",4,NULL
"2024-11-30 08:06:29.168651+00","0.199413","6.141508221269132","2.9232548756938703","96743.73378849","2838.2492868132845","3a2b6e4d-1441-4cdf-9a27-47ab3b09d1f7","2f782919-aa2f-403c-815d-37270c804660","0","0.0009687835401437524","1.097693","0.180834600072054","7.305568979566387","0.0016639432205663334","0","{""deposit_fee"":0.0,""exit_fee"":0.0,""performance_fee"":0.0,""management_fee"":1.0}",4,NULL
"2024-11-30 00:06:29.179305+00","0.199413","6.141508221269132","2.9232548756938703","97320.68634895","2855.77218346934","d0575800-5e2a-4856-8c16-d3b6d28b7ac9","2f782919-aa2f-403c-815d-37270c804660","0","0.0009687835401437524","1.097693","0.180834600072054","7.305568979566387","0.0016639432205663334","0","{""deposit_fee"":0.0,""exit_fee"":0.0,""performance_fee"":0.0,""management_fee"":1.0}",4,NULL
"2024-11-29 16:06:28.824092+00","0.199413","6.441969383809787","4.636198326613505","98212.41372269","2882.8552535279323","af72b9eb-1e19-4b85-b259-8da489e92f88","2f782919-aa2f-403c-815d-37270c804660","0","0.0009687835401437524","1.097693","0.180834600072054","7.314741072292861","0.0016660322900903233","0","{""deposit_fee"":0.0,""exit_fee"":0.0,""performance_fee"":0.0,""management_fee"":1.0}",4,NULL
"2024-11-29 08:06:30.221668+00","0.19941347","6.441969383809787","4.636198326613505","95737.24521775","2807.680750647127","0893b2c7-26d2-4578-a922-5bc63ff42a73","2f782919-aa2f-403c-815d-37270c804660","0","0.0009687835401437524","1.097693","0.180834600072054","7.314741072292861","0.0016660322900903233","0","{""deposit_fee"":0.0,""exit_fee"":0.0,""performance_fee"":0.0,""management_fee"":1.0}",4,NULL
"2024-11-29 00:06:29.688932+00","0.19936996","6.441969383809787","4.636198326613505","95625.64872375","2804.291401217806","51883033-1c84-4944-8dbe-3d46809eef6d","2f782919-aa2f-403c-815d-37270c804660","0","0.0009687835401437524","1.097693","0.180834600072054","7.314741072292861","0.0016660322900903233","0","{""deposit_fee"":0.0,""exit_fee"":0.0,""performance_fee"":0.0,""management_fee"":1.0}",4,NULL
"2024-11-28 16:06:31.027705+00","0.19936996","6.645474874349477","4.636198326613505","95176.95785392","2790.6640004896108","b50d0734-0c2b-44e1-bacd-40db918e5451","2f782919-aa2f-403c-815d-37270c804660","0","0.0009687835401437524","1.097693","0.180834600072054","7.3239477984948635","0.001668129247861892","0","{""deposit_fee"":0.0,""exit_fee"":0.0,""performance_fee"":0.0,""management_fee"":1.0}",4,NULL
"2024-11-28 08:06:34.905482+00","0.19938045","6.645474874349477","4.636198326613505","95281.52807869","2793.8399518026345","cb9670ae-1202-4bd9-a610-b27b855d5c8d","2f782919-aa2f-403c-815d-37270c804660","0","0.0009687835401437524","1.097693","0.180834600072054","7.3239477984948635","0.001668129247861892","0","{""deposit_fee"":0.0,""exit_fee"":0.0,""performance_fee"":0.0,""management_fee"":1.0}",4,NULL
"2024-11-28 03:30:54.349919+00","0.19938045","6.645474874349477","4.636198326613505","95143.97272478","2789.66219367096","4a782bcf-0dd0-4bb4-ab71-90bcce400501","2f782919-aa2f-403c-815d-37270c804660","0","0.0009687835401437524","1.097693","0.180834600072054","7.3239477984948635","0.001668129247861892","0","{""deposit_fee"":0.0,""exit_fee"":0.0,""performance_fee"":0.0,""management_fee"":1.0}",4,NULL
"2024-11-27 16:06:41.49003+00","0.19924139","7.002914683620887","5.450839861237711","95389.24543225","2797.1114860393327","306aa242-44b4-41d4-8bd9-4740ea685c5d","2f782919-aa2f-403c-815d-37270c804660","0","0.0009687835401437524","1.097693","0.180834600072054","7.3331893766803296","0.0016702341436492087","0","{""deposit_fee"":0.0,""exit_fee"":0.0,""performance_fee"":0.0,""management_fee"":1.0}",4,NULL
"2024-11-27 08:06:47.354731+00","0.19924139","7.002914683620887","5.450839861237711","93468.17165826","2738.7656539600944","78046c4f-c55f-4e32-87cd-5f989990c06b","2f782919-aa2f-403c-815d-37270c804660","0","0.0009687835401437524","1.097693","0.180834600072054","7.3331893766803296","0.0016702341436492087","0","{""deposit_fee"":0.0,""exit_fee"":0.0,""performance_fee"":0.0,""management_fee"":1.0}",4,NULL
"2024-11-27 00:06:47.583369+00","0.19924139","7.002914683620887","5.450839861237711","91966.85896067","2693.1685822921577","d9cf60f3-0891-4031-b00b-dd6177058024","2f782919-aa2f-403c-815d-37270c804660","0","0.0009687835401437524","1.097693","0.180834600072054","7.3331893766803296","0.0016702341436492087","0","{""deposit_fee"":0.0,""exit_fee"":0.0,""performance_fee"":0.0,""management_fee"":1.0}",4,NULL
"2024-11-26 16:06:43.19432+00","0.19924139","7.331516630418489","6.3377132124315505","92982.17841696","2724.0053254227673","b16ea949-281f-4585-a627-4269e0c0f9d5","2f782919-aa2f-403c-815d-37270c804660","0","0.0009687835401437524","1.097693","0.180834600072054","7.342466027292119","0.0016723470276611486","0","{""deposit_fee"":0.0,""exit_fee"":0.0,""performance_fee"":0.0,""management_fee"":1.0}",4,NULL
"2024-11-26 08:06:43.018839+00","0.19894012","7.088688808927768","5.27641460874515","93583.96593135","2742.282496105836","00bc00a7-18ef-43f2-bcb2-13dfd222f166","2f782919-aa2f-403c-815d-37270c804660","0","0.0009687835401437524","1.097482","0.180834600072054","7.3273316382160845","0.0016723470276611486","0","{""deposit_fee"":0.0,""exit_fee"":0.0,""performance_fee"":0.0,""management_fee"":1.0}",4,NULL
"2024-11-26 00:06:59.88635+00","0.19894012","7.088688808927768","5.27641460874515","92897.13337342","2721.422382541167","1a48bb76-a774-4a43-8668-733fa2dced45","2f782919-aa2f-403c-815d-37270c804660","0","0.0009687835401437524","1.097482","0.180834600072054","7.3273316382160845","0.0016723470276611486","0","{""deposit_fee"":0.0,""exit_fee"":0.0,""performance_fee"":0.0,""management_fee"":1.0}",4,NULL
"2024-11-25 16:24:37.461657+00","0.19894012","7.33066262838451","6.197340996160894","96366.94884833","2826.8057747804787","1de426cf-6619-47ff-b1da-cdb738d1e555","2f782919-aa2f-403c-815d-37270c804660","0","0.0009687835401437524","1.097482","0.180834600072054","7.336624389747714","0.0016744679505523218","0","{""deposit_fee"":0.0,""exit_fee"":0.0,""performance_fee"":0.0,""management_fee"":1.0}",4,NULL
"2024-11-25 08:06:41.198409+00","0.19846687","7.128042188322081","5.312365741692848","97961.50794436","2875.234876524009","43e123d1-ff54-4be6-b296-76f23f9d534a","2f782919-aa2f-403c-815d-37270c804660","0","0.0009687835401437524","1.097306","0.180834600072054","7.323982406916178","0.0016744679505523218","0","{""deposit_fee"":0.0,""exit_fee"":0.0,""performance_fee"":0.0,""management_fee"":1.0}",4,NULL
"2024-11-25 04:31:40.770125+00","0.19846687","7.128042188322081","5.312365741692848","97708.73263838","2867.5577192195","3b6bc62a-e8f5-4907-a681-be82ff7ac12c","2f782919-aa2f-403c-815d-37270c804660","0","0.0009687835401437524","1.097306","0.180834600072054","7.323982406916178","0.0016744679505523218","0","{""deposit_fee"":0.0,""exit_fee"":0.0,""performance_fee"":0.0,""management_fee"":1.0}",4,NULL
"2024-10-17 03:46:40.551862+00","0.19644225","9.155244440094567","8.643054567234776","67636.8535217","1954.2305825917356","6baed44b-7625-4d33-934c-7b4b229d84b7","2f782919-aa2f-403c-815d-37270c804660","0","0.0009687835401437524","1.088504","0.180834600072054","7.046972793425572","0.001764049526201204","0","{""deposit_fee"":0.0,""exit_fee"":0.0,""performance_fee"":0.0,""management_fee"":1.0}",4,NULL
"2024-09-27 08:06:39.022705+00","0.19523149","8.5","2.383111763007717","65496.64155391","1889.229201709159","ccbdd41d-dbcd-4aeb-b46e-53b0a4ce9534","2f782919-aa2f-403c-815d-37270c804660","0","0.0004514126409236322","1.0796136","0.180834600072054","5.790054280669205","0.0022287737559214277","0","{""deposit_fee"":0.0,""exit_fee"":0.0,""performance_fee"":0.0,""management_fee"":1.0}",4,NULL
"2024-09-27 00:06:37.309668+00","0.19523149","8.3","2.383111763007717","65101.01734084","1877.213513288032","dec7a6d6-0e17-4f5e-8296-8df5b2dfbb70","2f782919-aa2f-403c-815d-37270c804660","0","0.0004514126409236322","1.0796136","0.180834600072054","5.790054280669205","0.0022287737559214277","0","{""deposit_fee"":0.0,""exit_fee"":0.0,""performance_fee"":0.0,""management_fee"":1.0}",4,NULL
"2024-09-26 16:06:35.366317+00","0.19523149","7.2","1.540348138521841","65161.90045173","1879.0626227873884","949bef59-ecd6-455d-81fb-cf8c92d76550","2f782919-aa2f-403c-815d-37270c804660","0","0.0004514126409236322","1.0796136","0.180834600072054","5.799446102382279","0.0022323889630921578","0","{""deposit_fee"":0.0,""exit_fee"":0.0,""performance_fee"":0.0,""management_fee"":1.0}",4,NULL
"2024-09-26 08:06:40.39956+00","0.19523149","6.1948626936707","1.540348138521841","63840.85647361","1838.9405768981292","6bbc424d-8394-4c0e-b598-9477f76135ce","2f782919-aa2f-403c-815d-37270c804660","0","0.0004514126409236322","1.0796136","0.180834600072054","5.799446102382279","0.0022323889630921578","0","{""deposit_fee"":0.0,""exit_fee"":0.0,""performance_fee"":0.0,""management_fee"":1.0}",4,NULL
"2024-09-26 00:06:34.233387+00","0.19517047","3.58962880199456","-0.10234109122672086","63146.55912785","1817.8537467632104","6431431e-baa7-4ccd-9422-7c2ab1929953","2f782919-aa2f-403c-815d-37270c804660","0","0.0004514126409236322","1.07948267","0.180834600072054","5.775802100275036","0.0022323889630921578","0","{""deposit_fee"":0.0,""exit_fee"":0.0,""performance_fee"":0.0,""management_fee"":1.0}",4,NULL
"2024-09-25 16:06:34.816052+00","0.19517047","3.58962880199456","1.7635240158499377","63499.97584768","1828.5875316226895","8624c28d-e64c-4658-9cfe-13e1230aac41","2f782919-aa2f-403c-815d-37270c804660","0","0.0004514126409236322","1.07948267","0.180834600072054","5.785201296241005","0.002236021819788438","0","{""deposit_fee"":0.0,""exit_fee"":0.0,""performance_fee"":0.0,""management_fee"":1.0}",4,NULL
"2024-09-25 08:06:37.743392+00","0.19520781","3.8233780978273346","2.7843920723634508","63872.12263286","1839.8901760764961","0d31e562-d07b-49ee-bdb8-94a8c00340cf","2f782919-aa2f-403c-815d-37270c804660","0","0.00045349415560959593","1.07948267","0.180834600072054","5.803289403976239","0.0022346355100164926","0","{""deposit_fee"":0.0,""exit_fee"":0.0,""performance_fee"":0.0,""management_fee"":1.0}",4,NULL
"2024-09-25 00:06:34.784187+00","0.19520781","3.8233780978273346","2.7843920723634508","64233.60690873","1850.8689844620744","453c97c4-8d9b-4216-90ce-edcaacc326bc","2f782919-aa2f-403c-815d-37270c804660","0","0.00045349415560959593","1.07948267","0.180834600072054","5.803289403976239","0.0022346355100164926","0","{""deposit_fee"":0.0,""exit_fee"":0.0,""performance_fee"":0.0,""management_fee"":1.0}",4,NULL
"2024-09-24 16:06:38.195704+00","0.19520781","3.8233780978273346","5.4141819716553075","63233.73783087","1820.501492017015","169b1df5-1552-4fc4-826a-af7b85bfffc6","2f782919-aa2f-403c-815d-37270c804660","0","0.00045349415560959593","1.07948267","0.180834600072054","5.8127641684955424","0.0022382838969519057","0","{""deposit_fee"":0.0,""exit_fee"":0.0,""performance_fee"":0.0,""management_fee"":1.0}",4,NULL
"2024-09-24 08:06:34.637192+00","0.19520781","3.8233780978273346","5.4141819716553075","63637.10203269","1832.7522552645323","6c7c2fd4-cfac-4d3d-ba66-09e842bcc446","2f782919-aa2f-403c-815d-37270c804660","0","0.00045349415560959593","1.07948267","0.180834600072054","5.8127641684955424","0.0022382838969519057","0","{""deposit_fee"":0.0,""exit_fee"":0.0,""performance_fee"":0.0,""management_fee"":1.0}",4,NULL
"2024-09-24 00:06:35.935877+00","0.19518261","3.665579240767647","4.706497352695438","63373.11424918","1824.7345585491923","9c64b835-d9a2-4acf-9464-d0fe46d2900c","2f782919-aa2f-403c-815d-37270c804660","0","0.00045349415560959593","1.07935759","0.180834600072054","5.802962181727415","0.0022382838969519057","0","{""deposit_fee"":0.0,""exit_fee"":0.0,""performance_fee"":0.0,""management_fee"":1.0}",4,NULL
"2024-09-23 16:06:35.66308+00","0.19518261","3.665579240767647","4.706497352695438","63711.45833125","1835.0105652620734","a6e85676-6a3a-4639-8b87-f222a626df8c","2f782919-aa2f-403c-815d-37270c804660","0","0.00045349415560959593","1.07935759","0.180834600072054","5.812467449656909","0.0022419502120986407","0","{""deposit_fee"":0.0,""exit_fee"":0.0,""performance_fee"":0.0,""management_fee"":1.0}",4,NULL
"2024-09-23 08:06:30+00","0.19518261","3.665579240767647","4.706497352695438","63455.80273155","1827.2459292068777","4e688cc4-4b5a-46f0-a184-9ab3ddb84fe3","2f782919-aa2f-403c-815d-37270c804660","0","0.00045349415560959593","1.07935759","0.180834600072054","5.812467449656909","0.0022419502120986407","0","{""deposit_fee"":0.0,""exit_fee"":0.0,""performance_fee"":0.0,""management_fee"":1.0}",4,NULL
"2024-09-23 00:06:32+00","0.19518519","3.6817283849149396","4.7787524012052","63498.20290224","1828.5336846656762","404f3e65-99fc-43c4-9e13-fe7ab4e45201","2f782919-aa2f-403c-815d-37270c804660","0","0.00045357588070998666","1.07935759","0.180834600072054","5.81349007698257","0.002241943566020623","0","{""deposit_fee"":0.0,""exit_fee"":0.0,""performance_fee"":0.0,""management_fee"":1.0}",4,NULL
"2024-09-22 16:06:35+00","0.19518519","5.329496652492294","4.7787524012052","62615.09717568","1801.7124666949226","62094a57-b4ba-497e-9393-97a271dbc96a","2f782919-aa2f-403c-815d-37270c804660","0","0.00045357588070998666","1.07935759","0.180834600072054","5.823043887991462","0.002245627945771638","0","{""deposit_fee"":0.0,""exit_fee"":0.0,""performance_fee"":0.0,""management_fee"":1.0}",4,NULL
"2024-09-22 08:06:29+00","0.19514339","5.063992148652008","3.6141387932685287","62934.07028064","1811.4001483819904","84a0eb36-324e-4ca2-b3a1-3e5d24ebd38b","2f782919-aa2f-403c-815d-37270c804660","0","0.00045357588070998666","1.07929736","0.180834600072054","5.8067250705722","0.002245627945771638","0","{""deposit_fee"":0.0,""exit_fee"":0.0,""performance_fee"":0.0,""management_fee"":1.0}",4,NULL
"2024-09-22 00:06:31+00","0.19514339","5.063992148652008","3.6141387932685287","63388.77709162","1825.2102620787816","9eaf7028-9b39-481f-b5bf-4a6605968cd7","2f782919-aa2f-403c-815d-37270c804660","0","0.00045357588070998666","1.07929736","0.180834600072054","5.8067250705722","0.002245627945771638","0","{""deposit_fee"":0.0,""exit_fee"":0.0,""performance_fee"":0.0,""management_fee"":1.0}",4,NULL
"2024-09-21 16:06:28+00","0.19514339","5.063992148652008","3.6141387932685287","63200.93122472","1819.505107203775","3619100e-2483-4e65-8993-2484b1ca1877","2f782919-aa2f-403c-815d-37270c804660","0","0.00045357588070998666","1.07929736","0.180834600072054","5.816299232177811","0.0022493305500102755","0","{""deposit_fee"":0.0,""exit_fee"":0.0,""performance_fee"":0.0,""management_fee"":1.0}",4,NULL
"2024-09-21 08:06:32+00","0.19514339","5.063992148652008","3.6141387932685287","63096.12562116","1816.322007091188","490788ed-7337-47d7-b7cc-b5b8c0d971af","2f782919-aa2f-403c-815d-37270c804660","0","0.00045357588070998666","1.07929736","0.180834600072054","5.816299232177811","0.0022493305500102755","0","{""deposit_fee"":0.0,""exit_fee"":0.0,""performance_fee"":0.0,""management_fee"":1.0}",4,NULL
"2024-09-21 00:06:36+00","0.19514339","5.063992148652008","3.6141387932685287","63148.16392958","1817.9024869487914","34910ef9-a714-48af-98d0-9cd0ed23bdae","2f782919-aa2f-403c-815d-37270c804660","0","0.00045357588070998666","1.07929736","0.180834600072054","5.816299232177811","0.0022493305500102755","0","{""deposit_fee"":0.0,""exit_fee"":0.0,""performance_fee"":0.0,""management_fee"":1.0}",4,NULL
"2024-09-20 16:06:31+00","0.19514339","5.063992148652008","3.6141387932685287","63151.50678941","1818.0040145116295","96de00b9-9932-4f69-80d2-f5ed145e1c9d","2f782919-aa2f-403c-815d-37270c804660","0","0.00045357588070998666","1.07929736","0.180834600072054","5.825920908287127","0.0022530515294769517","0","{""deposit_fee"":0.0,""exit_fee"":0.0,""performance_fee"":0.0,""management_fee"":1.0}",4,NULL
"2024-09-20 08:06:31+00","0.1951743","5.260267902259685","4.474114445884725","63454.06448621","1827.1931361428667","bbf44f68-8a65-4474-bafa-873e93eb9458","2f782919-aa2f-403c-815d-37270c804660","0","0.00045534412913753367","1.07929736","0.180834600072054","5.840512141578866","0.0022520925827049835","0","{""deposit_fee"":0.0,""exit_fee"":0.0,""performance_fee"":0.0,""management_fee"":1.0}",4,NULL
"2024-09-20 00:06:31+00","0.1951743","5.260267902259685","4.474114445884725","62944.56173124","1811.7187891459544","0f5fa5d4-6fa6-4151-9ef5-41f6509ba268","2f782919-aa2f-403c-815d-37270c804660","0","0.00045534412913753367","1.07929736","0.180834600072054","5.840512141578866","0.0022520925827049835","0","{""deposit_fee"":0.0,""exit_fee"":0.0,""performance_fee"":0.0,""management_fee"":1.0}",4,NULL
"2024-09-19 16:06:31+00","0.1951743","5.260267902259685","4.474114445884725","63249.4016834","1820.977226224521","f38d8e8d-af17-4a5f-ae45-9eb27a0cb9d9","2f782919-aa2f-403c-815d-37270c804660","0","0.00045534412913753367","1.07929736","0.180834600072054","5.850205944335002","0.0022558304982774687","0","{""deposit_fee"":0.0,""exit_fee"":0.0,""performance_fee"":0.0,""management_fee"":1.0}",4,NULL
"2024-09-19 08:06:32+00","0.19510509","4.8213391085934365","2.5585498403687623","62115.12397007","1786.52754610853","7952d776-51c9-4c0f-a04f-c4c3aa83ffcf","2f782919-aa2f-403c-815d-37270c804660","0","0.00045534412913753367","1.07891464","0.180834600072054","5.823040021925772","0.0022558304982774687","0","{""deposit_fee"":0.0,""exit_fee"":0.0,""performance_fee"":0.0,""management_fee"":1.0}",4,NULL
"2024-09-19 00:06:35+00","0.19510509","4.8213391085934365","2.5585498403687623","61938.67555676","1781.1685486389788","7fc8c977-c431-4207-961d-bedc71a21968","2f782919-aa2f-403c-815d-37270c804660","0","0.00045534412913753367","1.07891464","0.180834600072054","5.823040021925772","0.0022558304982774687","0","{""deposit_fee"":0.0,""exit_fee"":0.0,""performance_fee"":0.0,""management_fee"":1.0}",4,NULL
"2024-09-18 16:06:35+00","0.19510509","6.730367568190254","11.076694746823756","59287.35698221","1700.644109424982","08a9ad69-4643-4bae-8ed7-496da1fe6cd3","2f782919-aa2f-403c-815d-37270c804660","0","0.00045534412913753367","1.07891464","0.180834600072054","5.83273701452464","0.00225958708788766","0","{""deposit_fee"":0.0,""exit_fee"":0.0,""performance_fee"":0.0,""management_fee"":1.0}",4,NULL
"2024-09-18 08:06:33+00","0.19510509","6.730367568190254","11.076694746823756","60310.1807113","1731.708768342374","aff1f73e-816d-4c89-8979-4faa7bf2e6a9","2f782919-aa2f-403c-815d-37270c804660","0","0.00045534412913753367","1.07891464","0.180834600072054","5.83273701452464","0.00225958708788766","0","{""deposit_fee"":0.0,""exit_fee"":0.0,""performance_fee"":0.0,""management_fee"":1.0}",4,NULL
"2024-09-18 00:06:33+00","0.19501065","6.12323633293792","8.30564094335604","60288.54680173","1731.0517147340854","cd59a91a-5b1d-4ad7-a3e5-6fec0c2ca554","2f782919-aa2f-403c-815d-37270c804660","0","0.00045534412913753367","1.07839237","0.180834600072054","5.7955859486636365","0.00225958708788766","0","{""deposit_fee"":0.0,""exit_fee"":0.0,""performance_fee"":0.0,""management_fee"":1.0}",4,NULL
"2024-09-17 16:06:34+00","0.19501065","6.12323633293792","8.30564094335604","61191.4518639","1758.4742676074452","2b174aca-dfea-4898-b39b-e3e5d0aed902","2f782919-aa2f-403c-815d-37270c804660","0","0.00045534412913753367","1.07839237","0.180834600072054","5.805269474127637","0.0022633625075428087","0","{""deposit_fee"":0.0,""exit_fee"":0.0,""performance_fee"":0.0,""management_fee"":1.0}",4,NULL
"2024-09-17 08:06:33+00","0.19501065","6.12323633293792","8.30564094335604","58787.33344554","1685.4576602103737","242540db-67b8-4c6a-bb0b-2cb9cb9cc863","2f782919-aa2f-403c-815d-37270c804660","0","0.00045534412913753367","1.07839237","0.180834600072054","5.805269474127637","0.0022633625075428087","0","{""deposit_fee"":0.0,""exit_fee"":0.0,""performance_fee"":0.0,""management_fee"":1.0}",4,NULL
"2024-09-17 00:06:35+00","0.19501065","6.12323633293792","8.30564094335604","58265.81078217","1669.6182509412004","333cf489-84cc-4c15-a2d3-4b2fd24209ab","2f782919-aa2f-403c-815d-37270c804660","0","0.00045534412913753367","1.07839237","0.180834600072054","5.805269474127637","0.0022633625075428087","0","{""deposit_fee"":0.0,""exit_fee"":0.0,""performance_fee"":0.0,""management_fee"":1.0}",4,NULL
"2024-09-16 16:06:36+00","0.19501065","6.12323633293792","8.30564094335604","57860.66829559","1657.313478573679","ddb66061-b9de-41a6-9980-4d146dc944f6","2f782919-aa2f-403c-815d-37270c804660","0","0.00045534412913753367","1.07839237","0.180834600072054","5.815001701369217","0.002267156915080934","0","{""deposit_fee"":0.0,""exit_fee"":0.0,""performance_fee"":0.0,""management_fee"":1.0}",4,NULL
"2024-09-16 08:06:32+00","0.19501065","6.12323633293792","8.30564094335604","58890.78036332","1688.599495040262","dd8cd77d-2e73-4dfd-ba97-6cff629f40da","2f782919-aa2f-403c-815d-37270c804660","0","0.00045534412913753367","1.07839237","0.180834600072054","5.815001701369217","0.002267156915080934","0","{""deposit_fee"":0.0,""exit_fee"":0.0,""performance_fee"":0.0,""management_fee"":1.0}",4,NULL
"2024-09-16 00:06:30+00","0.19501065","6.12323633293792","8.30564094335604","59163.56710035","1696.8844288974033","b55901e0-b54d-4aa0-86d6-ea1577e8098c","2f782919-aa2f-403c-815d-37270c804660","0","0.00045534412913753367","1.07839237","0.180834600072054","5.815001701369217","0.002267156915080934","0","{""deposit_fee"":0.0,""exit_fee"":0.0,""performance_fee"":0.0,""management_fee"":1.0}",4,NULL
"2024-09-15 16:06:34+00","0.19501065","6.12323633293792","8.30564094335604","60269.83002776","1730.4832588184904","86818dea-763d-4ff6-a904-de20c78a275b","2f782919-aa2f-403c-815d-37270c804660","0","0.00045534412913753367","1.07839237","0.180834600072054","5.82478303999189","0.0022709704701985387","0","{""deposit_fee"":0.0,""exit_fee"":0.0,""performance_fee"":0.0,""management_fee"":1.0}",4,NULL
"2024-09-15 08:06:30+00","0.19501065","6.12323633293792","8.30564094335604","60196.75077847","1728.263734682936","0adef637-0999-414f-b95f-540ed9bebeb5","2f782919-aa2f-403c-815d-37270c804660","0","0.00045534412913753367","1.07839237","0.180834600072054","5.82478303999189","0.0022709704701985387","0","{""deposit_fee"":0.0,""exit_fee"":0.0,""performance_fee"":0.0,""management_fee"":1.0}",4,NULL
"2024-09-15 00:06:29+00","0.19501065","6.12323633293792","8.30564094335604","60003.75309281","1722.402111505492","6d0561b1-42da-4277-8cdc-4816f9b9d229","2f782919-aa2f-403c-815d-37270c804660","0","0.00045534412913753367","1.07839237","0.180834600072054","5.82478303999189","0.0022709704701985387","0","{""deposit_fee"":0.0,""exit_fee"":0.0,""performance_fee"":0.0,""management_fee"":1.0}",4,NULL
"2024-09-14 16:06:31+00","0.19501065","6.063345743937831","8.30564094335604","59861.77622866","1718.0900656137676","95ef83f1-493e-476c-9955-3336dd655eaa","2f782919-aa2f-403c-815d-37270c804660","0","0.00045534412913753367","1.07839237","0.180834600072054","5.834613904438371","0.00227480333447884","0","{""deposit_fee"":0.0,""exit_fee"":0.0,""performance_fee"":0.0,""management_fee"":1.0}",4,NULL
"2024-09-14 08:06:33+00","0.19501065","6.063345743937831","8.30564094335604","60077.69022005","1724.6476906543896","8cb5264d-974c-4a2a-b2e8-594d79f56e56","2f782919-aa2f-403c-815d-37270c804660","0","0.00045534412913753367","1.07839237","0.180834600072054","5.834613904438371","0.00227480333447884","0","{""deposit_fee"":0.0,""exit_fee"":0.0,""performance_fee"":0.0,""management_fee"":1.0}",4,NULL
"2024-09-14 00:06:35+00","0.19501065","6.063345743937831","8.30564094335604","60545.96183781","1738.8697874563009","cd767863-8641-42d4-96ed-db2c33815fa6","2f782919-aa2f-403c-815d-37270c804660","0","0.00045534412913753367","1.07839237","0.180834600072054","5.834613904438371","0.00227480333447884","0","{""deposit_fee"":0.0,""exit_fee"":0.0,""performance_fee"":0.0,""management_fee"":1.0}",4,NULL
"2024-09-13 16:06:31+00","0.19501065","6.063345743937831","8.30564094335604","59686.96874127","1712.780905474505","bfc7f0b9-7a15-43e9-ab45-061432a887e4","2f782919-aa2f-403c-815d-37270c804660","0","0.00045534412913753367","1.07839237","0.180834600072054","5.844494714064352","0.0022786556714205234","0","{""deposit_fee"":0.0,""exit_fee"":0.0,""performance_fee"":0.0,""management_fee"":1.0}",4,NULL
"2024-09-13 08:06:32+00","0.19501065","6.063345743937831","8.30564094335604","58081.93919081","1664.0338006515317","89c8b19f-ebbf-4184-8ea3-24232dc454f1","2f782919-aa2f-403c-815d-37270c804660","0","0.00045534412913753367","1.07839237","0.180834600072054","5.844494714064352","0.0022786556714205234","0","{""deposit_fee"":0.0,""exit_fee"":0.0,""performance_fee"":0.0,""management_fee"":1.0}",4,NULL
"2024-09-13 00:06:34+00","0.19501065","6.063345743937831","8.30564094335604","58166.3462216","1666.5973661488376","22af9c0b-a330-409d-b35d-cd1ef9da451c","2f782919-aa2f-403c-815d-37270c804660","0","0.00045534412913753367","1.07839237","0.180834600072054","5.844494714064352","0.0022786556714205234","0","{""deposit_fee"":0.0,""exit_fee"":0.0,""performance_fee"":0.0,""management_fee"":1.0}",4,NULL
"2024-09-12 16:06:36+00","0.19501065","6.063345743937831","8.30564094335604","57614.8462257","1649.8475012617387","6facf68e-15fa-489e-a9a6-0ca5b221e4be","2f782919-aa2f-403c-815d-37270c804660","0","0.00045534412913753367","1.07839237","0.180834600072054","5.854425893213611","0.0022825276464670395","0","{""deposit_fee"":0.0,""exit_fee"":0.0,""performance_fee"":0.0,""management_fee"":1.0}",4,NULL
"2024-09-12 08:06:34+00","0.19501065","6.063345743937831","8.30564094335604","58170.13790707","1666.7125252055723","bd3c37cc-bb6f-4b95-b5a8-eba14afe03af","2f782919-aa2f-403c-815d-37270c804660","0","0.00045534412913753367","1.07839237","0.180834600072054","5.854425893213611","0.0022825276464670395","0","{""deposit_fee"":0.0,""exit_fee"":0.0,""performance_fee"":0.0,""management_fee"":1.0}",4,NULL
"2024-09-12 00:06:29+00","0.19471268","4.169573494834933","0","57378.47950892","1642.6686969112304","4915867f-baff-47f2-ac98-4afa221e974c","2f782919-aa2f-403c-815d-37270c804660","0","0.00045534412913753367","1.0767458","0.180834600072054","5.735843225507285","0.0022825276464670395","0","{""deposit_fee"":0.0,""exit_fee"":0.0,""performance_fee"":0.0,""management_fee"":1.0}",4,NULL
"2024-09-11 16:06:34+00","0.19471268","4.448805098681019","0","56977.46331901","1630.4892462340451","a6302634-0eda-47e7-83c7-915e418b6f3e","2f782919-aa2f-403c-815d-37270c804660","0","0.00045534412913753367","1.0767458","0.180834600072054","5.745623016454716","0.002286419427036444","0","{""deposit_fee"":0.0,""exit_fee"":0.0,""performance_fee"":0.0,""management_fee"":1.0}",4,NULL
"2024-09-11 08:06:31+00","0.19471268","4.448805098681019","0","56633.68809621","1620.0482878002458","edfddf96-3a02-4acb-a9fc-0bcf68787fff","2f782919-aa2f-403c-815d-37270c804660","0","0.00045534412913753367","1.0767458","0.180834600072054","5.745623016454716","0.002286419427036444","0","{""deposit_fee"":0.0,""exit_fee"":0.0,""performance_fee"":0.0,""management_fee"":1.0}",4,NULL
"2024-09-11 00:06:35+00","0.19471268","4.448805098681019","0","57589.0206613","1649.0631409398002","6c72dbf8-11e0-4bf2-afa4-640e18b31eb8","2f782919-aa2f-403c-815d-37270c804660","0","0.00045534412913753367","1.0767458","0.180834600072054","5.745623016454716","0.002286419427036444","0","{""deposit_fee"":0.0,""exit_fee"":0.0,""performance_fee"":0.0,""management_fee"":1.0}",4,NULL
"2024-09-10 16:06:41+00","0.19471268","4.448805098681019","0","56658.79521106","1620.8108277541332","9342d864-1c59-4cbd-b958-8b388adc434a","2f782919-aa2f-403c-815d-37270c804660","0","0.00045534412913753367","1.0767458","0.180834600072054","5.755453003139587","0.002290331182551804","0","{""deposit_fee"":0.0,""exit_fee"":0.0,""performance_fee"":0.0,""management_fee"":1.0}",4,NULL
"2024-09-10 08:06:31+00","0.19471268","4.448805098681019","0","57250.03572131","1638.7676704306336","1b2788d5-6c92-4fe5-9aed-7e87ec18ce2c","2f782919-aa2f-403c-815d-37270c804660","0","0.00045534412913753367","1.0767458","0.180834600072054","5.755453003139587","0.002290331182551804","0","{""deposit_fee"":0.0,""exit_fee"":0.0,""performance_fee"":0.0,""management_fee"":1.0}",4,NULL
"2024-09-10 00:06:31+00","0.19471268","4.448805098681019","0","56942.59312887","1629.4301873441548","1eef7cc8-a01b-4f1f-8565-73e919d346be","2f782919-aa2f-403c-815d-37270c804660","0","0.00045534412913753367","1.0767458","0.180834600072054","5.755453003139587","0.002290331182551804","0","{""deposit_fee"":0.0,""exit_fee"":0.0,""performance_fee"":0.0,""management_fee"":1.0}",4,NULL
"2024-09-09 16:06:34+00","0.19471268","4.448805098681019","0","55464.90945209","1584.5507637431708","3742a0d7-204c-45cc-8cfd-f274c3f5dc16","2f782919-aa2f-403c-815d-37270c804660","0","0.00045534412913753367","1.0767458","0.180834600072054","5.765333616427333","0.002294263084472177","0","{""deposit_fee"":0.0,""exit_fee"":0.0,""performance_fee"":0.0,""management_fee"":1.0}",4,NULL
"2024-09-09 08:06:31+00","0.19471268","4.448805098681019","0","55110.45594211","1573.7854900440577","70c3d30d-ff7b-4a66-b593-5da60ab2c205","2f782919-aa2f-403c-815d-37270c804660","0","0.00045534412913753367","1.0767458","0.180834600072054","5.765333616427333","0.002294263084472177","0","{""deposit_fee"":0.0,""exit_fee"":0.0,""performance_fee"":0.0,""management_fee"":1.0}",4,NULL
"2024-09-09 00:06:28+00","0.19471268","4.448805098681019","0","54841.29430572","1565.6106558176937","6ab83b5b-6b2c-4c0e-ab78-7e3d37d86a3a","2f782919-aa2f-403c-815d-37270c804660","0","0.00045534412913753367","1.0767458","0.180834600072054","5.765333616427333","0.002294263084472177","0","{""deposit_fee"":0.0,""exit_fee"":0.0,""performance_fee"":0.0,""management_fee"":1.0}",4,NULL
"2024-09-08 16:06:34+00","0.19471268","5.828952911403329","0","53751.58692172","1532.5146420658025","26baaaba-ffe9-4d1f-a14f-6a1318b03e08","2f782919-aa2f-403c-815d-37270c804660","0","0.00045534412913753367","1.0767458","0.180834600072054","5.775265292379025","0.002298215306324176","0","{""deposit_fee"":0.0,""exit_fee"":0.0,""performance_fee"":0.0,""management_fee"":1.0}",4,NULL
"2024-09-08 08:06:32+00","0.19471268","5.828952911403329","0","54421.22215511","1552.852447625746","744f89a8-abec-4dcb-ae96-83710066c6f4","2f782919-aa2f-403c-815d-37270c804660","0","0.00045534412913753367","1.0767458","0.180834600072054","5.775265292379025","0.002298215306324176","0","{""deposit_fee"":0.0,""exit_fee"":0.0,""performance_fee"":0.0,""management_fee"":1.0}",4,NULL
"2024-09-08 00:06:31+00","0.19471268","5.828952911403329","0","54147.8702842","1544.5503498226326","9442019f-9495-4d88-a40d-e36c36401f5b","2f782919-aa2f-403c-815d-37270c804660","0","0.00045534412913753367","1.0767458","0.180834600072054","5.775265292379025","0.002298215306324176","0","{""deposit_fee"":0.0,""exit_fee"":0.0,""performance_fee"":0.0,""management_fee"":1.0}",4,NULL
"2024-09-07 16:06:34+00","0.19471268","5.828952911403329","-0.0057663999326385","54784.36126521","1563.881515757415","da4b4569-9b9f-4da4-ae8d-d6772b0695d0","2f782919-aa2f-403c-815d-37270c804660","0","0.00045534412913753367","1.0767458","0.180834600072054","5.785248472332196","0.0023021880237341346","0","{""deposit_fee"":0.0,""exit_fee"":0.0,""performance_fee"":0.0,""management_fee"":1.0}",4,NULL
"2024-09-07 08:06:31+00","0.19471268","5.828952911403329","-0.0057663999326385","54271.3198378","1548.2996940811006","3e9135e1-a59f-464b-bcfc-de9f77569dbf","2f782919-aa2f-403c-815d-37270c804660","0","0.00045534412913753367","1.0767458","0.180834600072054","5.785248472332196","0.0023021880237341346","0","{""deposit_fee"":0.0,""exit_fee"":0.0,""performance_fee"":0.0,""management_fee"":1.0}",4,NULL
"2024-09-07 00:06:31+00","0.19471268","5.828952911403329","-0.0057663999326385","54006.10773344","1540.2448129433337","302ad577-fcae-4bf2-984c-88aa9a842329","2f782919-aa2f-403c-815d-37270c804660","0","0.00045534412913753367","1.0767458","0.180834600072054","5.785248472332196","0.0023021880237341346","0","{""deposit_fee"":0.0,""exit_fee"":0.0,""performance_fee"":0.0,""management_fee"":1.0}",4,NULL
"2024-09-06 16:06:30+00","0.19471268","8.29379191358215","-0.0057663999326385","54105.58194871","1543.2659909631157","4bfacd3b-062b-49c9-a15c-4086d1bf6676","2f782919-aa2f-403c-815d-37270c804660","0","0.00045534412913753367","1.0767458","0.180834600072054","5.795283602983214","0.0023061814144608892","0","{""deposit_fee"":0.0,""exit_fee"":0.0,""performance_fee"":0.0,""management_fee"":1.0}",4,NULL
"2024-09-06 08:06:29+00","0.19471268","8.29379191358215","-0.0057663999326385","55797.06677475","1594.6388694860118","4adc7186-7e8a-4373-b2aa-27e75f1bcfd6","2f782919-aa2f-403c-815d-37270c804660","0","0.00045534412913753367","1.0767458","0.180834600072054","5.795283602983214","0.0023061814144608892","0","{""deposit_fee"":0.0,""exit_fee"":0.0,""performance_fee"":0.0,""management_fee"":1.0}",4,NULL
"2024-09-06 00:06:30+00","0.19471268","8.29379191358215","-0.0057663999326385","56201.73723028","1606.9293055772523","42c3cd02-44ba-4fed-8390-1e28c9ee2940","2f782919-aa2f-403c-815d-37270c804660","0","0.00045534412913753367","1.0767458","0.180834600072054","5.795283602983214","0.0023061814144608892","0","{""deposit_fee"":0.0,""exit_fee"":0.0,""performance_fee"":0.0,""management_fee"":1.0}",4,NULL
"2024-09-05 16:06:34+00","0.19471268","8.29379191358215","3.4222876398220636","56086.48711194","1603.4289902104915","d1d0970c-81e5-4bc4-97b3-36d3eec78020","2f782919-aa2f-403c-815d-37270c804660","0","0.00045534412913753367","1.0767458","0.180834600072054","5.80537113647124","0.0023101956584291846","0","{""deposit_fee"":0.0,""exit_fee"":0.0,""performance_fee"":0.0,""management_fee"":1.0}",4,NULL
"2024-09-05 08:06:34+00","0.19471268","8.29379191358215","3.4222876398220636","57204.74092039","1637.3920008002833","9bb0fe06-5764-458c-9057-b121cf8ecd76","2f782919-aa2f-403c-815d-37270c804660","0","0.00045534412913753367","1.0767458","0.180834600072054","5.80537113647124","0.0023101956584291846","0","{""deposit_fee"":0.0,""exit_fee"":0.0,""performance_fee"":0.0,""management_fee"":1.0}",4,NULL
"2024-09-05 00:06:33+00","0.19471268","8.29379191358215","3.4222876398220636","58014.38863776","1661.9821911410188","3b7a20b9-058e-445e-8d93-0b3cc3a76f33","2f782919-aa2f-403c-815d-37270c804660","0","0.00045534412913753367","1.0767458","0.180834600072054","5.80537113647124","0.0023101956584291846","0","{""deposit_fee"":0.0,""exit_fee"":0.0,""performance_fee"":0.0,""management_fee"":1.0}",4,NULL
"2024-09-04 16:06:31+00","0.19471268","8.29379191358215","3.4222876398220636","58299.63332111","1670.6454911254166","3b4c94e3-739d-48fa-b093-275d47494fe2","2f782919-aa2f-403c-815d-37270c804660","0","0.00045534412913753367","1.0767458","0.180834600072054","5.815511530463781","0.002314230937763724","0","{""deposit_fee"":0.0,""exit_fee"":0.0,""performance_fee"":0.0,""management_fee"":1.0}",4,NULL
"2024-09-04 08:06:31+00","0.19471268","8.29379191358215","3.4222876398220636","56774.3539023","1624.3205149330809","2100efa6-17fd-43d8-8345-ca83faec14e4","2f782919-aa2f-403c-815d-37270c804660","0","0.00045534412913753367","1.0767458","0.180834600072054","5.815511530463781","0.002314230937763724","0","{""deposit_fee"":0.0,""exit_fee"":0.0,""performance_fee"":0.0,""management_fee"":1.0}",4,NULL
"2024-09-04 00:06:30+00","0.19471268","8.29379191358215","3.4222876398220636","57634.98132192","1650.4590337072166","5f690aaf-dbfb-4825-b287-7e2b812e867d","2f782919-aa2f-403c-815d-37270c804660","0","0.00045534412913753367","1.0767458","0.180834600072054","5.815511530463781","0.002314230937763724","0","{""deposit_fee"":0.0,""exit_fee"":0.0,""performance_fee"":0.0,""management_fee"":1.0}",4,NULL
"2024-09-03 16:06:31+00","0.19471268","8.29379191358215","3.4222876398220636","57804.39711478","1655.6044401645906","d7b6cf37-3ff3-4ccb-bce2-239f4762e3fc","2f782919-aa2f-403c-815d-37270c804660","0","0.00045534412913753367","1.0767458","0.180834600072054","5.8257052482439144","0.0023182874368238736","0","{""deposit_fee"":0.0,""exit_fee"":0.0,""performance_fee"":0.0,""management_fee"":1.0}",4,NULL
"2024-09-03 08:06:33+00","0.19471268","8.29379191358215","3.4222876398220636","59116.89611614","1695.466962559276","145c02fe-91dd-484c-8608-3a8cbb9fbb5e","2f782919-aa2f-403c-815d-37270c804660","0","0.00045534412913753367","1.0767458","0.180834600072054","5.8257052482439144","0.0023182874368238736","0","{""deposit_fee"":0.0,""exit_fee"":0.0,""performance_fee"":0.0,""management_fee"":1.0}",4,NULL
"2024-09-03 00:06:32+00","0.19471268","8.29379191358215","3.4222876398220636","59109.23052285","1695.2341472322744","b03a4670-13e1-46e5-930b-4631379e7fee","2f782919-aa2f-403c-815d-37270c804660","0","0.00045534412913753367","1.0767458","0.180834600072054","5.8257052482439144","0.0023182874368238736","0","{""deposit_fee"":0.0,""exit_fee"":0.0,""performance_fee"":0.0,""management_fee"":1.0}",4,NULL
"2024-09-02 16:06:32+00","0.19471268","8.29379191358215","3.4222876398220636","58580.79226643","1679.1847012449452","c2274ff4-3c78-41b0-b4ea-41b80a073729","2f782919-aa2f-403c-815d-37270c804660","0","0.00045534412913753367","1.0767458","0.180834600072054","5.835952758799181","0.0023223653422390425","0","{""deposit_fee"":0.0,""exit_fee"":0.0,""performance_fee"":0.0,""management_fee"":1.0}",4,NULL
"2024-09-02 08:06:32+00","0.19471268","8.29379191358215","3.4222876398220636","57576.98000746","1648.6974485980563","8f81835b-98f2-488e-9530-74d9b5f3f389","2f782919-aa2f-403c-815d-37270c804660","0","0.00045534412913753367","1.0767458","0.180834600072054","5.835952758799181","0.0023223653422390425","0","{""deposit_fee"":0.0,""exit_fee"":0.0,""performance_fee"":0.0,""management_fee"":1.0}",4,NULL
"2024-09-02 00:06:31+00","0.19471268","8.29379191358215","3.4222876398220636","57360.88635921","1642.1343671147265","b6b3eac7-01f5-4f7f-b36c-df44792362b8","2f782919-aa2f-403c-815d-37270c804660","0","0.00045534412913753367","1.0767458","0.180834600072054","5.835952758799181","0.0023223653422390425","0","{""deposit_fee"":0.0,""exit_fee"":0.0,""performance_fee"":0.0,""management_fee"":1.0}",4,NULL
"2024-09-01 16:06:30+00","0.19471268","8.29379191358215","3.4222876398220636","58277.15965598","1669.9629329073862","512ac3b0-9cbd-4133-b222-d401363309c0","2f782919-aa2f-403c-815d-37270c804660","0","0.00045534412913753367","1.0767458","0.180834600072054","5.8462545369122125","0.002326464842944745","0","{""deposit_fee"":0.0,""exit_fee"":0.0,""performance_fee"":0.0,""management_fee"":1.0}",4,NULL
"2024-09-01 08:06:30+00","0.19471289","8.295202046388006","3.4282517264589973","58450.42163198","1675.2251535957757","d46fd4e1-722f-46f2-b7bd-42a53a32b402","2f782919-aa2f-403c-815d-37270c804660","0","0.0004551114819453117","1.0767458","0.180834600072054","5.84634194605317","0.0023264647947102237","0","{""deposit_fee"":0.0,""exit_fee"":0.0,""performance_fee"":0.0,""management_fee"":1.0}",4,NULL
"2024-09-01 00:06:30+00","0.19471289","8.295202046388006","3.4282517264589973","58974.33689422","1691.1372296067434","5cabc4b2-ba0d-4b88-9c1c-62f7c083af3c","2f782919-aa2f-403c-815d-37270c804660","0","0.0004551114819453117","1.0767458","0.180834600072054","5.84634194605317","0.0023264647947102237","0","{""deposit_fee"":0.0,""exit_fee"":0.0,""performance_fee"":0.0,""management_fee"":1.0}",4,NULL
"2024-08-31 16:06:28+00","0.19471289","8.295202046388006","3.4282517264589973","58982.88244935","1691.3967706672636","c682598f-3cc8-4cde-aae0-41f86ba3adee","2f782919-aa2f-403c-815d-37270c804660","0","0.0004551114819453117","1.0767458","0.180834600072054","5.8566986272376855","0.0023305860818994","0","{""deposit_fee"":0.0,""exit_fee"":0.0,""performance_fee"":0.0,""management_fee"":1.0}",4,NULL
"2024-08-31 08:06:30+00","0.19471289","8.295202046388006","3.4282517264589973","59116.12257533","1695.4434689887441","27e70d23-e45c-4702-aed3-c693aee999dd","2f782919-aa2f-403c-815d-37270c804660","0","0.0004551114819453117","1.0767458","0.180834600072054","5.8566986272376855","0.0023305860818994","0","{""deposit_fee"":0.0,""exit_fee"":0.0,""performance_fee"":0.0,""management_fee"":1.0}",4,NULL
"2024-08-31 00:06:31+00","0.19471289","8.295202046388006","3.4282517264589973","59111.1064547","1695.29112203782","e1f7e6ec-2f8f-4987-94ca-8fbf1c05ee2e","2f782919-aa2f-403c-815d-37270c804660","0","0.0004551114819453117","1.0767458","0.180834600072054","5.8566986272376855","0.0023305860818994","0","{""deposit_fee"":0.0,""exit_fee"":0.0,""performance_fee"":0.0,""management_fee"":1.0}",4,NULL
"2024-08-30 16:06:32+00","0.19471289","9.076556823139947","3.4282517264589973","58139.52657962","1665.7828142307505","4d2d6ff0-b90e-4a79-855f-87d6935ad46c","2f782919-aa2f-403c-815d-37270c804660","0","0.0004551114819453117","1.0767458","0.180834600072054","5.867110544127731","0.002334729349315787","0","{""deposit_fee"":0.0,""exit_fee"":0.0,""performance_fee"":0.0,""management_fee"":1.0}",4,NULL
"2024-08-30 08:06:31+00","0.19471289","9.076556823139947","3.4282517264589973","59332.25974677","1702.007872335279","48006323-db6b-49e8-9805-29aa81ad58e6","2f782919-aa2f-403c-815d-37270c804660","0","0.0004551114819453117","1.0767458","0.180834600072054","5.867110544127731","0.002334729349315787","0","{""deposit_fee"":0.0,""exit_fee"":0.0,""performance_fee"":0.0,""management_fee"":1.0}",4,NULL
"2024-08-30 00:06:36+00","0.19458714","8.249474850788463","0","59304.99275079","1701.1797336191637","7bdb7a71-7bf4-4de4-8d21-f93c8df8e3e5","2f782919-aa2f-403c-815d-37270c804660","0","0.0004551114819453117","1.07605042","0.180834600072054","5.815889307980217","0.002334729349315787","0","{""deposit_fee"":0.0,""exit_fee"":0.0,""performance_fee"":0.0,""management_fee"":1.0}",4,NULL
"2024-08-29 16:06:31+00","0.19458714","9.179019973804792","7.232365126175955","60838.7699752","1747.7628006486616","236a9e43-ebdd-461e-a25b-aeefb00ca242","2f782919-aa2f-403c-815d-37270c804660","0","0.0004551114819453117","1.07605042","0.180834600072054","5.826265568340584","0.002338894793036707","0","{""deposit_fee"":0.0,""exit_fee"":0.0,""performance_fee"":0.0,""management_fee"":1.0}",4,NULL
"2024-08-29 08:06:30+00","0.19458714","9.179019973804792","7.232365126175955","59564.67621939","1709.0667019687555","ddedaac9-34a8-4608-b41d-56ddd89122ff","2f782919-aa2f-403c-815d-37270c804660","0","0.0004551114819453117","1.07605042","0.180834600072054","5.826265568340584","0.002338894793036707","0","{""deposit_fee"":0.0,""exit_fee"":0.0,""performance_fee"":0.0,""management_fee"":1.0}",4,NULL
"2024-08-29 00:06:32+00","0.19458714","9.179019973804792","7.232365126175955","59074.09104021","1694.1669095336376","03de2e64-2f46-4150-ae73-4be93db5504d","2f782919-aa2f-403c-815d-37270c804660","0","0.0004551114819453117","1.07605042","0.180834600072054","5.826265568340584","0.002338894793036707","0","{""deposit_fee"":0.0,""exit_fee"":0.0,""performance_fee"":0.0,""management_fee"":1.0}",4,NULL
"2024-08-28 16:06:35+00","0.19458714","9.179019973804792","7.232365126175955","58860.86062708","1687.690788706258","481aad96-a554-46e4-be10-dfae1418f026","2f782919-aa2f-403c-815d-37270c804660","0","0.0004551114819453117","1.07605042","0.180834600072054","5.836697565178215","0.002343082611597037","0","{""deposit_fee"":0.0,""exit_fee"":0.0,""performance_fee"":0.0,""management_fee"":1.0}",4,NULL
"2024-08-28 08:06:31+00","0.19458714","9.179019973804792","7.232365126175955","58640.73911042","1681.0053749434137","4723ee8d-0759-47c5-a091-6984718f61af","2f782919-aa2f-403c-815d-37270c804660","0","0.0004551114819453117","1.07605042","0.180834600072054","5.836697565178215","0.002343082611597037","0","{""deposit_fee"":0.0,""exit_fee"":0.0,""performance_fee"":0.0,""management_fee"":1.0}",4,NULL
"2024-08-28 00:06:30+00","0.19458714","9.179019973804792","7.232365126175955","59301.79872505","1701.0827263662377","c4e0ab5b-189a-4d22-9448-7220093cfdb5","2f782919-aa2f-403c-815d-37270c804660","0","0.0004551114819453117","1.07605042","0.180834600072054","5.836697565178215","0.002343082611597037","0","{""deposit_fee"":0.0,""exit_fee"":0.0,""performance_fee"":0.0,""management_fee"":1.0}",4,NULL
"2024-08-27 16:06:28+00","0.19458714","9.913917183633325","7.232365126175955","61639.90712795","1772.0945126420577","412164bb-fac7-4721-8270-1472a35a959c","2f782919-aa2f-403c-815d-37270c804660","0","0.0004551114819453117","1.07605042","0.180834600072054","5.847185799271023","0.002347293006028956","0","{""deposit_fee"":0.0,""exit_fee"":0.0,""performance_fee"":0.0,""management_fee"":1.0}",4,NULL
"2024-08-27 08:07:00+00","0.19458714","9.913917183633325","7.232365126175955","62950.05104261","1786.9919377281174","a48cd033-f261-4ac5-a41b-5e1e2d0003bf","2f782919-aa2f-403c-815d-37270c804660","0","0.0004551114819453117","1.07605042","0.180834600072054","5.847185799271023","0.002347293006028956","0","{""deposit_fee"":0.0,""exit_fee"":0.0,""performance_fee"":0.0,""management_fee"":1.0}",4,NULL
"2024-08-27 00:08:11+00","0.19458714","9.913917183633325","7.232365126175955","62848.46926889","1783.946920530276","c797336d-5909-4e01-88a8-0abe960cdba9","2f782919-aa2f-403c-815d-37270c804660","0","0.0004551114819453117","1.07605042","0.180834600072054","5.847185799271023","0.002347293006028956","0","{""deposit_fee"":0.0,""exit_fee"":0.0,""performance_fee"":0.0,""management_fee"":1.0}",4,NULL
"2024-08-26 16:06:16+00","0.19458714","9.913917183633325","7.232365126175955","63459.40015988","1802.2601966390887","40fbb01e-a2b4-4be5-9277-9ecaf9971593","2f782919-aa2f-403c-815d-37270c804660","0","0.0004551114819453117","1.07605042","0.180834600072054","5.857730777718753","0.002351526179902473","0","{""deposit_fee"":0.0,""exit_fee"":0.0,""performance_fee"":0.0,""management_fee"":1.0}",4,NULL
"2024-08-26 08:06:01+00","0.19458714","9.913917183633325","7.232365126175955","63704.669547","1809.6123964928058","6cd8eb6d-3ff2-4ad1-b626-0050bf8baaab","2f782919-aa2f-403c-815d-37270c804660","0","0.0004551114819453117","1.07605042","0.180834600072054","5.857730777718753","0.002351526179902473","0","{""deposit_fee"":0.0,""exit_fee"":0.0,""performance_fee"":0.0,""management_fee"":1.0}",4,NULL
"2024-08-26 00:05:11+00","0.19458714","9.913917183633325","7.232365126175955","64299.32446216","1827.4377836378897","3e2a48dc-c6cd-4859-adcb-787d4e18ba92","2f782919-aa2f-403c-815d-37270c804660","0","0.0004551114819453117","1.07605042","0.180834600072054","5.857730777718753","0.002351526179902473","0","{""deposit_fee"":0.0,""exit_fee"":0.0,""performance_fee"":0.0,""management_fee"":1.0}",4,NULL
"2024-08-25 16:06:01+00","0.19458714","10.839442723957271","16.155121401861372","64163.27542305","1823.3595750314748","6304fd67-59d0-46a4-b50c-690d0fa13746","2f782919-aa2f-403c-815d-37270c804660","0","0.0004551114819453117","1.07605042","0.180834600072054","5.86833301404595","0.0023557823393667754","0","{""deposit_fee"":0.0,""exit_fee"":0.0,""performance_fee"":0.0,""management_fee"":1.0}",4,NULL
"2024-08-25 08:06:01+00","0.19458714","10.839442723957271","16.155121401861372","63838.31478023","1813.6185485680458","c50856d4-7ac6-40ec-b7c6-590fa8a478bd","2f782919-aa2f-403c-815d-37270c804660","0","0.0004551114819453117","1.07605042","0.180834600072054","5.86833301404595","0.0023557823393667754","0","{""deposit_fee"":0.0,""exit_fee"":0.0,""performance_fee"":0.0,""management_fee"":1.0}",4,NULL
"2024-08-25 00:31:34+00","0.19458714","10.839442723957271","16.155121401861372","64342.55442036","1828.7336456942444","d42b3e74-89f1-4781-b277-8956e1e986d1","2f782919-aa2f-403c-815d-37270c804660","0","0.0004551114819453117","1.07605042","0.180834600072054","5.86833301404595","0.0023557823393667754","0","{""deposit_fee"":0.0,""exit_fee"":0.0,""performance_fee"":0.0,""management_fee"":1.0}",4,NULL
"2024-08-24 16:05:59+00","0.19458714","10.839442723957271","16.155121401861372","64002.89871995","1818.552119902578","0a164f3f-3fc5-48c6-84c1-6137688c689a","2f782919-aa2f-403c-815d-37270c804660","0","0.0004551114819453117","1.07605042","0.180834600072054","5.878993028307017","0.002360061693192387","0","{""deposit_fee"":0.0,""exit_fee"":0.0,""performance_fee"":0.0,""management_fee"":1.0}",4,NULL
"2024-08-24 08:06:03+00","0.19458714","10.839442723957271","16.155121401861372","64238.0089359","1825.599788246403","5703424d-679b-479b-9731-15c2c7e345ea","2f782919-aa2f-403c-815d-37270c804660","0","0.0004551114819453117","1.07605042","0.180834600072054","5.878993028307017","0.002360061693192387","0","{""deposit_fee"":0.0,""exit_fee"":0.0,""performance_fee"":0.0,""management_fee"":1.0}",4,NULL
"2024-08-24 00:20:17+00","0.19458714","10.839442723957271","16.155121401861372","63964.43277101","1817.3990638791968","db314cbc-7250-4e7a-b755-7171629a07a8","2f782919-aa2f-403c-815d-37270c804660","0","0.0004551114819453117","1.07605042","0.180834600072054","5.878993028307017","0.002360061693192387","0","{""deposit_fee"":0.0,""exit_fee"":0.0,""performance_fee"":0.0,""management_fee"":1.0}",4,NULL
"2024-08-23 16:09:18+00","0.19458714","11.684514463870578","16.155121401861372","61422.29323081","1741.1958402520984","ac612435-e4b6-4def-ba38-80617809e0d3","2f782919-aa2f-403c-815d-37270c804660","0","0.0004551114819453117","1.07605042","0.180834600072054","5.889711347193339","0.002364364452814185","0","{""deposit_fee"":0.0,""exit_fee"":0.0,""performance_fee"":0.0,""management_fee"":1.0}",4,NULL
"2024-08-23 08:31:08+00","0.19432691","9.93732868246977","8.320954466671893","61217.39256617","1735.0537339979016","738673ac-b518-4899-8fc4-86e0ed81ea62","2f782919-aa2f-403c-815d-37270c804660","0","0.0004551114819453117","1.07461133","0.180834600072054","5.782219655035936","0.002364364452814185","0","{""deposit_fee"":0.0,""exit_fee"":0.0,""performance_fee"":0.0,""management_fee"":1.0}",4,NULL
"2024-08-23 00:13:27+00","0.19432691","9.93732868246977","8.320954466671893","60523.02198037","1714.2392679967027","30660506-63a6-4da8-b238-b4585b86c8b3","2f782919-aa2f-403c-815d-37270c804660","0","0.0004551114819453117","1.07461133","0.180834600072054","5.782219655035936","0.002364364452814185","0","{""deposit_fee"":0.0,""exit_fee"":0.0,""performance_fee"":0.0,""management_fee"":1.0}",4,NULL
"2024-08-22 16:06:05+00","0.19432691","9.93732868246977","8.320954466671893","60404.49464996","1710.6862904664267","d5e1e293-ada5-4673-9e77-e0913c6676fa","2f782919-aa2f-403c-815d-37270c804660","0","0.0004551114819453117","1.07461133","0.180834600072054","5.792800120709713","0.0023686908323752778","0","{""deposit_fee"":0.0,""exit_fee"":0.0,""performance_fee"":0.0,""management_fee"":1.0}",4,NULL
"2024-08-22 08:05:14+00","0.19432691","9.93732868246977","8.320954466671893","60980.33332874","1727.9476417488008","ee3869df-e4b6-4747-825f-140f1303967c","2f782919-aa2f-403c-815d-37270c804660","0","0.0004551114819453117","1.07461133","0.180834600072054","5.792800120709713","0.0023686908323752778","0","{""deposit_fee"":0.0,""exit_fee"":0.0,""performance_fee"":0.0,""management_fee"":1.0}",4,NULL
"2024-08-22 00:12:50+00","0.19432691","9.93732868246977","8.320954466671893","61130.06162221","1732.4358999463427","43613580-aedf-4bb8-b6a9-894428195e2e","2f782919-aa2f-403c-815d-37270c804660","0","0.0004551114819453117","1.07461133","0.180834600072054","5.792800120709713","0.0023686908323752778","0","{""deposit_fee"":0.0,""exit_fee"":0.0,""performance_fee"":0.0,""management_fee"":1.0}",4,NULL
"2024-08-21 16:06:17+00","0.19432691","9.93732868246977","8.050493834843685","59426.20200764","1681.3609714520385","b0efb0d8-c8e8-41dc-8ad3-9ddd225b5319","2f782919-aa2f-403c-815d-37270c804660","0","0.0004551114819453117","1.07461133","0.180834600072054","5.803438881041906","0.0023730410487717685","0","{""deposit_fee"":0.0,""exit_fee"":0.0,""performance_fee"":0.0,""management_fee"":1.0}",4,NULL
"2024-08-21 08:06:19+00","0.19432691","9.93732868246977","8.050493834843685","59874.61823363","1694.802704845024","94f9b351-90d0-4764-9269-ea17585c21c1","2f782919-aa2f-403c-815d-37270c804660","0","0.0004551114819453117","1.07461133","0.180834600072054","5.803438881041906","0.0023730410487717685","0","{""deposit_fee"":0.0,""exit_fee"":0.0,""performance_fee"":0.0,""management_fee"":1.0}",4,NULL
"2024-08-21 00:29:56+00","0.19432691","9.93732868246977","8.050493834843685","59216.60166567","1675.0779875800363","1c871afb-e21c-408e-af0c-c017d3d2e1bb","2f782919-aa2f-403c-815d-37270c804660","0","0.0004551114819453117","1.07461133","0.180834600072054","5.803438881041906","0.0023730410487717685","0","{""deposit_fee"":0.0,""exit_fee"":0.0,""performance_fee"":0.0,""management_fee"":1.0}",4,NULL
"2024-08-20 16:06:29+00","0.19432691","11.230031032821831","8.050493834843685","58854.42934952","1664.2215032829736","c7f843f0-74ba-4a3f-83e7-f1946b9d5944","2f782919-aa2f-403c-815d-37270c804660","0","0.0004551114819453117","1.07461133","0.180834600072054","5.814136473311533","0.002377415321698425","0","{""deposit_fee"":0.0,""exit_fee"":0.0,""performance_fee"":0.0,""management_fee"":1.0}",4,NULL
"2024-08-20 08:06:01+00","0.19432691","11.230031032821831","8.050493834843685","60895.43663842","1725.402776931055","e9ae7f31-6896-491d-b79b-e30f563bd2b0","2f782919-aa2f-403c-815d-37270c804660","0","0.0004551114819453117","1.07461133","0.180834600072054","5.814136473311533","0.002377415321698425","0","{""deposit_fee"":0.0,""exit_fee"":0.0,""performance_fee"":0.0,""management_fee"":1.0}",4,NULL
"2024-08-20 00:24:49+00","0.19432691","11.230031032821831","8.050493834843685","59672.86905038","1688.7550674574343","23e771aa-79bd-4e6d-bfbf-34e72f458f57","2f782919-aa2f-403c-815d-37270c804660","0","0.0004551114819453117","1.07461133","0.180834600072054","5.814136473311533","0.002377415321698425","0","{""deposit_fee"":0.0,""exit_fee"":0.0,""performance_fee"":0.0,""management_fee"":1.0}",4,NULL
"2024-08-19 16:06:47+00","0.19432691","11.230031032821831","8.050493834843685","58605.21636258","1656.7510900053958","8d558460-9df2-484a-aedb-82b7a63793dd","2f782919-aa2f-403c-815d-37270c804660","0","0.0004551114819453117","1.07461133","0.180834600072054","5.824893441755915","0.002381813873695285","0","{""deposit_fee"":0.0,""exit_fee"":0.0,""performance_fee"":0.0,""management_fee"":1.0}",4,NULL
"2024-08-19 08:06:40+00","0.19402945","9.240519522259373","-0.24968449840552243","58472.25457296","1652.765424848921","659c9959-9394-4ca7-8288-7c355252f485","2f782919-aa2f-403c-815d-37270c804660","0","0.0004551114819453117","1.07301785","0.180834600072054","5.7009331810990505","0.002381813873695285","0","{""deposit_fee"":0.0,""exit_fee"":0.0,""performance_fee"":0.0,""management_fee"":1.0}",4,NULL
"2024-08-19 00:17:44+00","0.19402945","9.240519522259373","-0.24968449840552243","58601.2961575","1656.63357786271","e5002779-b390-4482-b0f3-938a5acce5e1","2f782919-aa2f-403c-815d-37270c804660","0","0.0004551114819453117","1.07301785","0.180834600072054","5.7009331810990505","0.002381813873695285","0","{""deposit_fee"":0.0,""exit_fee"":0.0,""performance_fee"":0.0,""management_fee"":1.0}",4,NULL
"2024-08-18 16:06:02+00","0.19402945","13.663876391050334","0.9399047806781136","59878.89544657","1694.9309186621704","19c58545-001d-4252-9863-82fd7a3e1327","2f782919-aa2f-403c-815d-37270c804660","0","0.0004551114819453117","1.07301785","0.180834600072054","5.711519881361718","0.002386236930195206","0","{""deposit_fee"":0.0,""exit_fee"":0.0,""performance_fee"":0.0,""management_fee"":1.0}",4,NULL
"2024-08-18 08:06:00+00","0.19402945","13.663876391050334","0.9399047806781136","59492.77548808","1683.3565793788966","5335311b-3ec1-46a4-afde-a01a2c9acc93","2f782919-aa2f-403c-815d-37270c804660","0","0.0004551114819453117","1.07301785","0.180834600072054","5.711519881361718","0.002386236930195206","0","{""deposit_fee"":0.0,""exit_fee"":0.0,""performance_fee"":0.0,""management_fee"":1.0}",4,NULL
"2024-08-18 00:12:51+00","0.19402945","13.663876391050334","0.9399047806781136","59485.1184368","1683.1270514628297","cd383769-386d-451f-96b2-fbc52734e894","2f782919-aa2f-403c-815d-37270c804660","0","0.0004551114819453117","1.07301785","0.180834600072054","5.711519881361718","0.002386236930195206","0","{""deposit_fee"":0.0,""exit_fee"":0.0,""performance_fee"":0.0,""management_fee"":1.0}",4,NULL
"2024-08-17 16:06:00+00","0.19402945","13.663876391050334","0.9399047806781136","59430.7471972","1681.4972181414867","b692822d-73f0-46a6-a23c-68942d2ccd4b","2f782919-aa2f-403c-815d-37270c804660","0","0.0004551114819453117","1.07301785","0.180834600072054","5.722165780406558","0.002390684719572396","0","{""deposit_fee"":0.0,""exit_fee"":0.0,""performance_fee"":0.0,""management_fee"":1.0}",4,NULL
"2024-08-17 08:06:00+00","0.19402945","13.663876391050334","0.9399047806781136","59258.73015891","1676.3408321016186","6eb5bf8d-8d8c-4c59-887b-23964baeefa9","2f782919-aa2f-403c-815d-37270c804660","0","0.0004551114819453117","1.07301785","0.180834600072054","5.722165780406558","0.002390684719572396","0","{""deposit_fee"":0.0,""exit_fee"":0.0,""performance_fee"":0.0,""management_fee"":1.0}",4,NULL
"2024-08-17 00:29:59+00","0.19402945","13.663876391050334","0.9399047806781136","58927.02834869","1666.3977322748804","cae70281-485f-4ffc-b873-db5366342f16","2f782919-aa2f-403c-815d-37270c804660","0","0.0004551114819453117","1.07301785","0.180834600072054","5.722165780406558","0.002390684719572396","0","{""deposit_fee"":0.0,""exit_fee"":0.0,""performance_fee"":0.0,""management_fee"":1.0}",4,NULL
"2024-08-16 16:06:02+00","0.19402945","13.663876391050334","0.9399047806781136","58075.78301298","1640.8807857607915","9485af66-a40d-4d19-8557-9543b8723179","2f782919-aa2f-403c-815d-37270c804660","0","0.0004551114819453117","1.07301785","0.180834600072054","5.732871432011894","0.00239515747319194","0","{""deposit_fee"":0.0,""exit_fee"":0.0,""performance_fee"":0.0,""management_fee"":1.0}",4,NULL
"2024-08-16 08:11:23+00","0.19402945","13.663876391050334","0.9399047806781136","58553.49674514","1655.2007417607915","f4e509c2-870c-4791-8294-8dbf1a7074d6","2f782919-aa2f-403c-815d-37270c804660","0","0.0004551114819453117","1.07301785","0.180834600072054","5.732871432011894","0.00239515747319194","0","{""deposit_fee"":0.0,""exit_fee"":0.0,""performance_fee"":0.0,""management_fee"":1.0}",4,NULL
"2024-08-16 00:22:49+00","0.19402945","13.663876391050334","0.9399047806781136","57585.73751645","1626.1911725554555","16d013b9-b661-444c-87db-b3529976ba3c","2f782919-aa2f-403c-815d-37270c804660","0","0.0004551114819453117","1.07301785","0.180834600072054","5.732871432011894","0.00239515747319194","0","{""deposit_fee"":0.0,""exit_fee"":0.0,""performance_fee"":0.0,""management_fee"":1.0}",4,NULL
"2024-08-15 16:06:21+00","0.19402945","13.663876391050334","6.981893198637912","59730.79728517","1690.4915253348322","6165c4f7-e795-49f2-80c8-b518b5be4876","2f782919-aa2f-403c-815d-37270c804660","0","0.0004551114819453117","1.07301785","0.180834600072054","5.743637397235778","0.002399655425460348","0","{""deposit_fee"":0.0,""exit_fee"":0.0,""performance_fee"":0.0,""management_fee"":1.0}",4,NULL
"2024-08-15 08:05:54+00","0.19402945","13.663876391050334","6.981893198637912","58025.87088908","1639.384618977218","c189f9ee-e51f-4c21-b774-404573059c10","2f782919-aa2f-403c-815d-37270c804660","0","0.0004551114819453117","1.07301785","0.180834600072054","5.743637397235778","0.002399655425460348","0","{""deposit_fee"":0.0,""exit_fee"":0.0,""performance_fee"":0.0,""management_fee"":1.0}",4,NULL
"2024-08-15 00:24:51+00","0.19403875","13.728058757327277","7.2496790217448925","58836.27060823","1663.6771765056953","fd95239a-e485-4aa8-a190-4eb8a71a40ae","2f782919-aa2f-403c-815d-37270c804660","0","0.00045546568656957794","1.07301785","0.180834600072054","5.747764497705143","0.002399561920940857","0","{""deposit_fee"":0.0,""exit_fee"":0.0,""performance_fee"":0.0,""management_fee"":1.0}",4,NULL
"2024-08-14 16:06:50+00","0.19403875","14.649652376648481","7.2496790217448925","59332.67089329","1678.5572809739208","e3e5cbed-8787-4639-8dc3-42c7a254cb35","2f782919-aa2f-403c-815d-37270c804660","0","0.00045546568656957794","1.07301785","0.180834600072054","5.758599124658503","0.00240408513310017","0","{""deposit_fee"":0.0,""exit_fee"":0.0,""performance_fee"":0.0,""management_fee"":1.0}",4,NULL
"2024-08-14 08:06:00+00","0.19403875","14.649652376648481","7.2496790217448925","60848.28435527","1723.9893391867504","d64bddfb-50de-46c1-9507-3bde4bcd6139","2f782919-aa2f-403c-815d-37270c804660","0","0.00045546568656957794","1.07301785","0.180834600072054","5.758599124658503","0.00240408513310017","0","{""deposit_fee"":0.0,""exit_fee"":0.0,""performance_fee"":0.0,""management_fee"":1.0}",4,NULL
"2024-08-14 00:14:57+00","0.19403875","14.649652376648481","7.2496790217448925","60615.79524267","1717.0202410872303","2dc92d07-ce27-453a-8ec3-d82075a3df34","2f782919-aa2f-403c-815d-37270c804660","0","0.00045546568656957794","1.07301785","0.180834600072054","5.758599124658503","0.00240408513310017","0","{""deposit_fee"":0.0,""exit_fee"":0.0,""performance_fee"":0.0,""management_fee"":1.0}",4,NULL
"2024-08-13 16:06:02+00","0.19403875","14.649652376648481","18.762015638936624","59507.28096035","1683.7913956939449","5b76168f-08f0-4fbb-af6f-38579fa13541","2f782919-aa2f-403c-815d-37270c804660","0","0.00045546568656957794","1.07301785","0.180834600072054","5.769495253843105","0.0024086340210526017","0","{""deposit_fee"":0.0,""exit_fee"":0.0,""performance_fee"":0.0,""management_fee"":1.0}",4,NULL
"2024-08-13 08:06:57+00","0.19403875","14.649652376648481","18.762015638936624","59181.27190891","1674.018942113609","9352c78c-48b4-466c-b257-aff4760b459f","2f782919-aa2f-403c-815d-37270c804660","0","0.00045546568656957794","1.07301785","0.180834600072054","5.769495253843105","0.0024086340210526017","0","{""deposit_fee"":0.0,""exit_fee"":0.0,""performance_fee"":0.0,""management_fee"":1.0}",4,NULL
"2024-08-13 00:08:02+00","0.19403875","14.649652376648481","18.762015638936624","59470.67749947","1682.6941696483814","7d5d8710-6948-457c-965b-c91175c89d9f","2f782919-aa2f-403c-815d-37270c804660","0","0.00045546568656957794","1.07301785","0.180834600072054","5.769495253843105","0.0024086340210526017","0","{""deposit_fee"":0.0,""exit_fee"":0.0,""performance_fee"":0.0,""management_fee"":1.0}",4,NULL
"2024-08-12 16:07:18+00","0.19403875","14.649652376648481","18.762015638936624","60286.94545749","1707.1626336178056","6c502f43-a11e-4122-a38b-93f2d2cf8bfa","2f782919-aa2f-403c-815d-37270c804660","0","0.00045546568656957794","1.07301785","0.180834600072054","5.780453469326948","0.0024132088286333555","0","{""deposit_fee"":0.0,""exit_fee"":0.0,""performance_fee"":0.0,""management_fee"":1.0}",4,NULL
"2024-08-12 08:06:45+00","0.19403875","14.649652376648481","18.762015638936624","58884.96180463","1665.1367447431057","0fb5256e-ce29-4a78-8130-34419209f90d","2f782919-aa2f-403c-815d-37270c804660","0","0.00045546568656957794","1.07301785","0.180834600072054","5.780453469326948","0.0024132088286333555","0","{""deposit_fee"":0.0,""exit_fee"":0.0,""performance_fee"":0.0,""management_fee"":1.0}",4,NULL
"2024-08-11 16:05:55+00","0.19399467","14.343150006580352","17.36239057614839","60088.74057168","1701.2212401582733","4c5104c9-ebd9-4721-9847-0d856d752acb","2f782919-aa2f-403c-815d-37270c804660","0","0.00045546568656957794","1.07277408","0.180834600072054","5.772821224946482","0.002417809802931879","0","{""deposit_fee"":0.0,""exit_fee"":0.0,""performance_fee"":0.0,""management_fee"":1.0}",4,NULL
"2024-08-11 08:05:46+00","0.19399467","14.343150006580352","17.36239057614839","61298.37331538","1737.481214489808","45e3e54d-e5eb-45be-976d-baf6e44f1b08","2f782919-aa2f-403c-815d-37270c804660","0","0.00045546568656957794","1.07277408","0.180834600072054","5.772821224946482","0.002417809802931879","0","{""deposit_fee"":0.0,""exit_fee"":0.0,""performance_fee"":0.0,""management_fee"":1.0}",4,NULL
"2024-08-11 00:27:55+00","0.19399467","14.343150006580352","17.36239057614839","61063.25316672","1730.4332484028778","407127e5-d7dd-4f84-bc4e-fcb19f1c6b21","2f782919-aa2f-403c-815d-37270c804660","0","0.00045546568656957794","1.07277408","0.180834600072054","5.772821224946482","0.002417809802931879","0","{""deposit_fee"":0.0,""exit_fee"":0.0,""performance_fee"":0.0,""management_fee"":1.0}",4,NULL
"2024-08-10 16:06:02+00","0.19399467","16.299837339578048","17.36239057614839","60497.61564934","1713.4776873303356","f3629857-efac-4822-8d7f-ee1816e15a5e","2f782919-aa2f-403c-815d-37270c804660","0","0.00045546568656957794","1.07277408","0.180834600072054","5.783869696728774","0.002422437194347917","0","{""deposit_fee"":0.0,""exit_fee"":0.0,""performance_fee"":0.0,""management_fee"":1.0}",4,NULL
"2024-08-10 08:05:41+00","0.19399467","16.299837339578048","17.36239057614839","60848.60373933","1723.9989130494603","03abe87b-89e1-4435-8d74-2db62c589200","2f782919-aa2f-403c-815d-37270c804660","0","0.00045546568656957794","1.07277408","0.180834600072054","5.783869696728774","0.002422437194347917","0","{""deposit_fee"":0.0,""exit_fee"":0.0,""performance_fee"":0.0,""management_fee"":1.0}",4,NULL
"2024-08-10 00:36:57+00","0.19399467","16.299837339578048","17.36239057614839","60786.08163215","1722.1247491651682","e471a01c-315f-4d9e-8042-c981b66ceb29","2f782919-aa2f-403c-815d-37270c804660","0","0.00045546568656957794","1.07277408","0.180834600072054","5.783869696728774","0.002422437194347917","0","{""deposit_fee"":0.0,""exit_fee"":0.0,""performance_fee"":0.0,""management_fee"":1.0}",4,NULL
"2024-08-09 16:06:23+00","0.19399467","15.265906729895429","17.36239057614839","59824.37602848","1693.2966435395683","6390e114-e5a6-4aed-a348-17f364475c95","2f782919-aa2f-403c-815d-37270c804660","0","0.00045546568656957794","1.07277408","0.180834600072054","5.794981848561359","0.0024270912566487536","0","{""deposit_fee"":0.0,""exit_fee"":0.0,""performance_fee"":0.0,""management_fee"":1.0}",4,NULL
"2024-08-09 08:06:30+00","0.19377865","13.76268870989017","10.73414552117844","60797.72830454","1722.473870040168","d785e35f-e077-4225-b036-5ff858730b58","2f782919-aa2f-403c-815d-37270c804660","0","0.00045546568656957794","1.0715795","0.180834600072054","5.703120094757771","0.0024270912566487536","0","{""deposit_fee"":0.0,""exit_fee"":0.0,""performance_fee"":0.0,""management_fee"":1.0}",4,NULL
"2024-08-09 00:11:29+00","0.19377865","13.76268870989017","10.73414552117844","61510.36597006","1743.835910373501","898d11c6-5dcc-49e8-aac6-7330bfaee9e2","2f782919-aa2f-403c-815d-37270c804660","0","0.00045546568656957794","1.0715795","0.180834600072054","5.703120094757771","0.0024270912566487536","0","{""deposit_fee"":0.0,""exit_fee"":0.0,""performance_fee"":0.0,""management_fee"":1.0}",4,NULL
"2024-08-08 16:05:58+00","0.19377865","13.76268870989017","10.73414552117844","59573.4136678","1685.7737910011992","3b9a4bc8-4617-4ff2-9729-931c37f55c88","2f782919-aa2f-403c-815d-37270c804660","0","0.00045546568656957794","1.0715795","0.180834600072054","5.714119372275738","0.00243177224702766","0","{""deposit_fee"":0.0,""exit_fee"":0.0,""performance_fee"":0.0,""management_fee"":1.0}",4,NULL
"2024-08-08 08:05:44+00","0.19377865","13.76268870989017","10.73414552117844","57162.33753385","1613.4993265542566","5da5884b-42a8-4928-86d3-ab6b09091ff1","2f782919-aa2f-403c-815d-37270c804660","0","0.00045546568656957794","1.0715795","0.180834600072054","5.714119372275738","0.00243177224702766","0","{""deposit_fee"":0.0,""exit_fee"":0.0,""performance_fee"":0.0,""management_fee"":1.0}",4,NULL
"2024-08-08 00:18:58+00","0.19377865","13.76268870989017","10.73414552117844","55199.7004166","1554.6672786750598","1d777662-7b2f-4653-8b73-58ff401230aa","2f782919-aa2f-403c-815d-37270c804660","0","0.00045546568656957794","1.0715795","0.180834600072054","5.714119372275738","0.00243177224702766","0","{""deposit_fee"":0.0,""exit_fee"":0.0,""performance_fee"":0.0,""management_fee"":1.0}",4,NULL
"2024-08-07 16:05:48+00","0.19377865","13.149470141838048","10.73414552117844","56060.26560162","1580.463597170863","59b454d1-5e96-4efa-9058-c516fbf6581d","2f782919-aa2f-403c-815d-37270c804660","0","0.00045546568656957794","1.0715795","0.180834600072054","5.725182537274718","0.0024364804261635988","0","{""deposit_fee"":0.0,""exit_fee"":0.0,""performance_fee"":0.0,""management_fee"":1.0}",4,NULL
"2024-08-07 08:05:06+00","0.19340034","10.57411266147561","0","56926.18867337","1606.4205237820743","32f27a99-9678-4c43-bd8a-545fe6111174","2f782919-aa2f-403c-815d-37270c804660","0","0.00045546568656957794","1.06948753","0.180834600072054","5.563374370331174","0.0024364804261635988","0","{""deposit_fee"":0.0,""exit_fee"":0.0,""performance_fee"":0.0,""management_fee"":1.0}",4,NULL
"2024-08-07 00:08:21+00","0.19340034","10.57411266147561","0","55990.89950017","1578.3842775830337","59fea0d0-4e34-4aa1-9228-bb879e43d5f0","2f782919-aa2f-403c-815d-37270c804660","0","0.00045546568656957794","1.06948753","0.180834600072054","5.563374370331174","0.0024364804261635988","0","{""deposit_fee"":0.0,""exit_fee"":0.0,""performance_fee"":0.0,""management_fee"":1.0}",4,NULL
"2024-08-06 16:05:52+00","0.19340034","10.57411266147561","3.2349864560605956","56366.26365114","1589.6362005737408","78782e0c-b1a2-4770-ba81-8855d3c07904","2f782919-aa2f-403c-815d-37270c804660","0","0.00045546568656957794","1.06948753","0.180834600072054","5.574187547434092","0.002441216058282192","0","{""deposit_fee"":0.0,""exit_fee"":0.0,""performance_fee"":0.0,""management_fee"":1.0}",4,NULL
"2024-08-06 08:05:52+00","0.19340034","10.57411266147561","3.2349864560605956","55925.32866287","1576.4187249061752","6dc7b495-c397-4a23-a445-480942c535fe","2f782919-aa2f-403c-815d-37270c804660","0","0.00045546568656957794","1.06948753","0.180834600072054","5.574187547434092","0.002441216058282192","0","{""deposit_fee"":0.0,""exit_fee"":0.0,""performance_fee"":0.0,""management_fee"":1.0}",4,NULL
"2024-08-06 00:05:05+00","0.19340034","10.57411266147561","3.2349864560605956","54111.13410614","1522.036394068945","66b3155a-fc00-4e32-86a7-e58819d4ddc2","2f782919-aa2f-403c-815d-37270c804660","0","0.00045546568656957794","1.06948753","0.180834600072054","5.574187547434092","0.002441216058282192","0","{""deposit_fee"":0.0,""exit_fee"":0.0,""performance_fee"":0.0,""management_fee"":1.0}",4,NULL
"2024-08-05 16:05:05+00","0.19340034","8.544889747824659","7.219044689907417","54499.83755277","1533.688176042266","5bc77595-70e8-46eb-9a75-4e9f75104031","2f782919-aa2f-403c-815d-37270c804660","0","0.00045546568656957794","1.06948753","0.180834600072054","5.585064021283586","0.0024459794112180093","0","{""deposit_fee"":0.0,""exit_fee"":0.0,""performance_fee"":0.0,""management_fee"":1.0}",4,NULL
"2024-08-05 08:05:05+00","0.19340034","8.544889747824659","7.219044689907417","52773.03338011","1481.9254610344724","b25e96aa-3557-4308-8359-c6c7d03665cf","2f782919-aa2f-403c-815d-37270c804660","0","0.00045546568656957794","1.06948753","0.180834600072054","5.585064021283586","0.0024459794112180093","0","{""deposit_fee"":0.0,""exit_fee"":0.0,""performance_fee"":0.0,""management_fee"":1.0}",4,NULL
"2024-08-05 00:06:04+00","0.19340034","8.544889747824659","7.219044689907417","58209.07564654","1644.8763683015586","640f3920-8999-4daf-8703-a3d5bde3a201","2f782919-aa2f-403c-815d-37270c804660","0","0.00045546568656957794","1.06948753","0.180834600072054","5.585064021283586","0.0024459794112180093","0","{""deposit_fee"":0.0,""exit_fee"":0.0,""performance_fee"":0.0,""management_fee"":1.0}",4,NULL
"2024-08-04 16:05:36+00","0.19340034","8.544889747824659","7.219044689907417","59038.53993382","1669.7404056900482","763d61cd-b8ea-493f-bbef-d9dc44dc8cf0","2f782919-aa2f-403c-815d-37270c804660","0","0.00045546568656957794","1.06948753","0.180834600072054","5.596004411829581","0.002450770756478191","0","{""deposit_fee"":0.0,""exit_fee"":0.0,""performance_fee"":0.0,""management_fee"":1.0}",4,NULL
"2024-08-04 08:06:03+00","0.19340034","8.544889747824659","7.219044689907417","60404.17773906","1710.6767907392086","b09dfb92-c725-4d0f-9db4-a0a9fbf6a357","2f782919-aa2f-403c-815d-37270c804660","0","0.00045546568656957794","1.06948753","0.180834600072054","5.596004411829581","0.002450770756478191","0","{""deposit_fee"":0.0,""exit_fee"":0.0,""performance_fee"":0.0,""management_fee"":1.0}",4,NULL
"2024-08-04 00:13:37+00","0.19340034","8.544889747824659","7.219044689907417","60738.44756944","1720.69686958753","ad7a98ed-8e22-4b65-95d0-240c5dac42ce","2f782919-aa2f-403c-815d-37270c804660","0","0.00045546568656957794","1.06948753","0.180834600072054","5.596004411829581","0.002450770756478191","0","{""deposit_fee"":0.0,""exit_fee"":0.0,""performance_fee"":0.0,""management_fee"":1.0}",4,NULL
"2024-08-03 16:05:55+00","0.19340034","7.822319997394733","10.452245754209311","60871.32301393","1724.6799464607313","d7cce014-b3d0-4d82-b34d-9f920c8a5788","2f782919-aa2f-403c-815d-37270c804660","0","0.00045546568656957794","1.06948753","0.180834600072054","5.607009347556247","0.002455590369307448","0","{""deposit_fee"":0.0,""exit_fee"":0.0,""performance_fee"":0.0,""management_fee"":1.0}",4,NULL
"2024-08-03 08:05:56+00","0.19340034","7.822319997394733","10.452245754209311","61609.04279654","1746.7938488171462","c85cac87-2b8c-4b0b-a555-60d2abb8fec5","2f782919-aa2f-403c-815d-37270c804660","0","0.00045546568656957794","1.06948753","0.180834600072054","5.607009347556247","0.002455590369307448","0","{""deposit_fee"":0.0,""exit_fee"":0.0,""performance_fee"":0.0,""management_fee"":1.0}",4,NULL
"2024-08-03 00:20:34+00","0.19340034","7.822319997394733","10.452245754209311","61625.55254593","1747.2887453815947","178225b7-95b2-4e91-b805-cf4c9a9fbf63","2f782919-aa2f-403c-815d-37270c804660","0","0.00045546568656957794","1.06948753","0.180834600072054","5.607009347556247","0.002455590369307448","0","{""deposit_fee"":0.0,""exit_fee"":0.0,""performance_fee"":0.0,""management_fee"":1.0}",4,NULL
"2024-08-02 16:05:43+00","0.19340034","8.893333973484685","10.452245754209311","63387.85357919","1800.115514963729","c7b8cf3a-e227-49c1-b4ea-ecafec873850","2f782919-aa2f-403c-815d-37270c804660","0","0.00045546568656957794","1.06948753","0.180834600072054","5.61807946563364","0.0024604385287544787","0","{""deposit_fee"":0.0,""exit_fee"":0.0,""performance_fee"":0.0,""management_fee"":1.0}",4,NULL
"2024-08-02 08:05:41+00","0.19340034","8.893333973484685","10.452245754209311","64202.5843867","1824.5379012799758","52cb9f62-5fed-4c67-98a0-5faa948f9d15","2f782919-aa2f-403c-815d-37270c804660","0","0.00045546568656957794","1.06948753","0.180834600072054","5.61807946563364","0.0024604385287544787","0","{""deposit_fee"":0.0,""exit_fee"":0.0,""performance_fee"":0.0,""management_fee"":1.0}",4,NULL
"2024-08-02 00:10:13+00","0.19340034","8.893333973484685","10.452245754209311","65424.01256272","1861.1514557170262","254010bc-e560-49fc-90df-ad0038952d3d","2f782919-aa2f-403c-815d-37270c804660","0","0.00045546568656957794","1.06948753","0.180834600072054","5.61807946563364","0.0024604385287544787","0","{""deposit_fee"":0.0,""exit_fee"":0.0,""performance_fee"":0.0,""management_fee"":1.0}",4,NULL
"2024-08-01 16:05:57+00","0.19340034","8.893333973484685","14.630938428705376","62839.40272666","1783.6751416864508","926a6eea-f6f8-4eb9-b18d-07aed45d0fd5","2f782919-aa2f-403c-815d-37270c804660","0","0.00045546568656957794","1.06948753","0.180834600072054","5.629215412072655","0.0024653155177398263","0","{""deposit_fee"":0.0,""exit_fee"":0.0,""performance_fee"":0.0,""management_fee"":1.0}",4,NULL
"2024-08-01 08:05:43+00","0.19340034","8.893333973484685","14.630938428705376","64387.93028282","1830.0938334178657","61ebdcd3-7d16-4505-9b09-db78d3ca7b99","2f782919-aa2f-403c-815d-37270c804660","0","0.00045546568656957794","1.06948753","0.180834600072054","5.629215412072655","0.0024653155177398263","0","{""deposit_fee"":0.0,""exit_fee"":0.0,""performance_fee"":0.0,""management_fee"":1.0}",4,NULL
"2024-08-01 00:05:47+00","0.19340034","8.893333973484685","14.630938428705376","64666.3729287","1838.4404355125898","55b13f90-55f1-4dff-acb4-b546c9680200","2f782919-aa2f-403c-815d-37270c804660","0","0.00045546568656957794","1.06948753","0.180834600072054","5.629215412072655","0.0024653155177398263","0","{""deposit_fee"":0.0,""exit_fee"":0.0,""performance_fee"":0.0,""management_fee"":1.0}",4,NULL
"2024-07-31 16:05:19+00","0.19340034","9.236262648698656","14.630938428705376","66383.17121782","1889.903213963429","3f495d44-318b-44ad-a851-8e232b694a5e","2f782919-aa2f-403c-815d-37270c804660","0","0.00045546568656957794","1.06948753","0.180834600072054","5.640417841883374","0.002470221623125228","0","{""deposit_fee"":0.0,""exit_fee"":0.0,""performance_fee"":0.0,""management_fee"":1.0}",4,NULL
"2024-07-31 08:06:39+00","0.19328237","8.453763841429796","11.038846774581312","66223.57461056","1885.119143002398","03515e59-03a6-4fb4-aeb0-5f83664f1914","2f782919-aa2f-403c-815d-37270c804660","0","0.00045546568656957794","1.06883515","0.180834600072054","5.58922802053454","0.002470221623125228","0","{""deposit_fee"":0.0,""exit_fee"":0.0,""performance_fee"":0.0,""management_fee"":1.0}",4,NULL
"2024-07-31 00:05:19+00","0.19328237","8.453763841429796","11.038846774581312","66155.1756562","1883.0688146342923","158b1433-dfb4-472a-a76d-597974e14dfe","2f782919-aa2f-403c-815d-37270c804660","0","0.00045546568656957794","1.06883515","0.180834600072054","5.58922802053454","0.002470221623125228","0","{""deposit_fee"":0.0,""exit_fee"":0.0,""performance_fee"":0.0,""management_fee"":1.0}",2,NULL
"2024-07-30 16:06:18+00","0.19328237","8.747542026930821","14.837346157977738","66192.48560145","1884.1872182688849","80d2a803-24fc-4d82-aaac-efeb90f7d6c1","2f782919-aa2f-403c-815d-37270c804660","0","0.00045546568656957794","1.06883515","0.180834600072054","5.600395320420744","0.002475157135784485","0","{""deposit_fee"":0.0,""exit_fee"":0.0,""performance_fee"":0.0,""management_fee"":1.0}",2,NULL
"2024-07-30 08:05:45+00","0.19328237","8.747542026930821","14.837346157977738","66944.36548361","1906.7255840410673","e17a6a51-c40e-4b6f-bf16-3a93e9c7ec48","2f782919-aa2f-403c-815d-37270c804660","0","0.00045546568656957794","1.06883515","0.180834600072054","5.600395320420744","0.002475157135784485","0","{""deposit_fee"":0.0,""exit_fee"":0.0,""performance_fee"":0.0,""management_fee"":1.0}",2,NULL
"2024-07-30 00:16:14+00","0.19314215","7.790944236340569","10.570206156525197","66717.55754758","1899.9267849994005","1f2fb3ba-e9ed-45f8-9889-18681102d9a9","2f782919-aa2f-403c-815d-37270c804660","0","0.00045546568656957794","1.06805976","0.180834600072054","5.5393875431637065","0.002475157135784485","0","{""deposit_fee"":0.0,""exit_fee"":0.0,""performance_fee"":0.0,""management_fee"":1.0}",2,NULL
"2024-07-29 16:05:15+00","0.00347607","7.91671794474178","10.570206156525197","68016.85191465","1938.8744578732017","30a07941-6b15-45c5-8c6b-76a169c9c915","2f782919-aa2f-403c-815d-37270c804660","0","0.00045546568656957794","1.06805976","0.003254574025571367","5.550499665752201","0.002480122350675899","0","{""deposit_fee"":0.0,""exit_fee"":0.0,""performance_fee"":0.0,""management_fee"":1.0}",1,NULL
"2024-07-29 08:06:16+00","0.00347607","7.91671794474178","10.570206156525197","69526.25844197","1984.120456893585","67d6a5bf-9a10-4e87-90f1-340189b1ef74","2f782919-aa2f-403c-815d-37270c804660","0","0.00045546568656957794","1.06805976","0.003254574025571367","5.550499665752201","0.002480122350675899","0","{""deposit_fee"":0.0,""exit_fee"":0.0,""performance_fee"":0.0,""management_fee"":1.0}",1,NULL
"2024-07-29 00:08:31+00","0.00347607","7.91671794474178","10.570206156525197","68203.79698515","1944.4783268929855","cce68770-44b8-4a15-9a6d-d4785c4094da","2f782919-aa2f-403c-815d-37270c804660","0","0.00045546568656957794","1.06805976","0.003254574025571367","5.550499665752201","0.002480122350675899","0","{""deposit_fee"":0.0,""exit_fee"":0.0,""performance_fee"":0.0,""management_fee"":1.0}",1,NULL
"2024-07-28 16:06:00+00","0.00347607","7.922288464085869","10.570206156525197","67664.74939206","1928.3198259010787","0756e3f8-9f37-4d16-aa88-37ee2267dee7","2f782919-aa2f-403c-815d-37270c804660","0","0.00045546568656957794","1.06805976","0.003254574025571367","5.561678931188517","0.002485117566916307","0","{""deposit_fee"":0.0,""exit_fee"":0.0,""performance_fee"":0.0,""management_fee"":1.0}",1,NULL
"2024-07-28 15:48:14+00","0.00200056","7.922288464085869","10.570206156525197","67754.88709422","1931.021795390288","7179b89c-3a56-4632-bd7c-b3b80027f52a","2f782919-aa2f-403c-815d-37270c804660","0","0.00045546568656957794","1.06805976","0.001873087656306786","5.561678931188517","0.002485117566916307","0","{""deposit_fee"":0.0,""exit_fee"":0.0,""performance_fee"":0.0,""management_fee"":1.0}",0,NULL
"2024-07-23 08:50:34.462696+00","0","0","0","0","0","7692de9b-72b5-45ee-9ddb-7a1fc834662e","2f782919-aa2f-403c-815d-37270c804660",NULL,"0","0","0","0","0","0","{""deposit_fee"":0.0,""exit_fee"":0.0,""performance_fee"":10.0,""management_fee"":1.0}",0,NULL
