datetime,funding_rate
2023-12-28 02:16:01+00:00,0.9533853633695315
2023-12-28 09:13:43+00:00,1.1670810467167991
2023-12-28 16:09:17+00:00,1.9047596373474416
2023-12-28 23:15:37+00:00,0.48679565232710265
2023-12-29 06:22:25+00:00,0.6705629716646055
2023-12-29 13:23:52+00:00,0.7725327045123227
2023-12-29 20:24:33+00:00,0.8342687827332956
2023-12-30 03:32:52+00:00,0.6896725858169078
2023-12-30 10:31:51+00:00,0.7034537874073358
2023-12-30 17:32:19+00:00,0.6857878324265795
2023-12-31 00:45:44+00:00,0.7009127987963053
2023-12-31 07:44:11+00:00,0.6859820806216818
2023-12-31 14:40:14+00:00,0.6687078822848742
2023-12-31 21:49:25+00:00,0.6790925439964353
2024-01-01 04:59:12+00:00,0.6630351932713647
2024-01-01 11:55:11+00:00,0.6822090874806226
2024-01-01 18:50:54+00:00,0.7115023817362943
2024-01-02 01:51:17+00:00,0.7095245806904733
2024-01-02 08:47:47+00:00,0.6759749072406839
2024-01-02 15:42:28+00:00,0.6875979794067075
2024-01-02 22:40:57+00:00,0.7487565725528009
2024-01-03 05:35:45+00:00,0.6386731856808395
2024-01-03 12:30:22+00:00,-0.04898667282473982
2024-01-03 19:26:44+00:00,0.6558858553936192
2024-01-04 02:35:17+00:00,0.4948976977430071
2024-01-04 09:32:25+00:00,0.37602322457969056
2024-01-04 16:28:26+00:00,0.3052824463241102
2024-01-04 23:37:35+00:00,0.4973528948658934
2024-01-05 06:39:48+00:00,0.2661797703126894
2024-01-05 13:37:45+00:00,0.22955616383884206
2024-01-05 20:42:24+00:00,0.14923023578990718
2024-01-06 04:06:16+00:00,0.13255535122965015
2024-01-06 11:14:38+00:00,0.10274380404727751
2024-01-06 18:16:18+00:00,0.08560672565605407
2024-01-07 01:49:01+00:00,0.05356446513908813
2024-01-07 09:13:46+00:00,0.026375515207552575
2024-01-07 16:19:41+00:00,0.01740448124942932
2024-01-07 23:46:02+00:00,0.11428424642711141
2024-01-08 07:02:41+00:00,0.13959829459157697
2024-01-08 14:04:58+00:00,0.21476375741527032
2024-01-08 21:04:56+00:00,0.3067296264327613
2024-01-09 04:11:30+00:00,0.3316459125047108
2024-01-09 11:07:09+00:00,0.3628724513457216
2024-01-09 18:02:27+00:00,0.18484063657569522
2024-01-10 01:06:55+00:00,0.17108187357312443
2024-01-10 08:09:51+00:00,0.10485769719313268
2024-01-10 15:07:54+00:00,0.04297524344058046
2024-01-10 22:07:52+00:00,0.12858789447536062
2024-01-11 05:08:19+00:00,0.006292447441423588
2024-01-11 12:05:25+00:00,0.07387588279473008
2024-01-11 19:04:21+00:00,0.07607516003521568
2024-01-12 02:11:55+00:00,0.07932059731325268
2024-01-12 09:15:14+00:00,0.16568912400792163
2024-01-12 16:13:41+00:00,0.29739442461480653
2024-01-12 23:20:24+00:00,0.23792136684322673
2024-01-13 06:28:58+00:00,0.32457698370762655
2024-01-13 13:39:13+00:00,0.3365863571644244
2024-01-13 20:49:53+00:00,0.34805512439332054
2024-01-14 04:20:22+00:00,0.4409894337358688
2024-01-14 12:01:57+00:00,0.25050923755498017
2024-01-14 19:25:35+00:00,0.23756840169940535
2024-01-15 02:40:41+00:00,0.2531315937479854
2024-01-15 09:55:24+00:00,0.4179351247854278
2024-01-15 17:02:33+00:00,0.2621416503616101
2024-01-16 00:28:55+00:00,0.2530459472392753
2024-01-16 08:02:56+00:00,0.40248401374828613
2024-01-16 15:18:02+00:00,0.2389752960738809
2024-01-16 22:38:25+00:00,0.437157234457457
2024-01-17 06:13:21+00:00,0.26750769555086257
2024-01-17 13:24:35+00:00,0.24410324038572379
2024-01-17 20:34:48+00:00,0.18667823258030514
2024-01-18 03:57:51+00:00,0.37518318290947134
2024-01-18 11:14:56+00:00,0.39938534798820363
2024-01-18 18:26:49+00:00,0.22786266018014367
2024-01-19 01:59:12+00:00,0.19102338096426638
2024-01-19 09:06:54+00:00,0.35838353476094303
2024-01-19 16:11:20+00:00,0.15421198935415603
2024-01-19 23:21:24+00:00,0.12701248531531575
2024-01-20 06:21:34+00:00,0.2574953674183281
2024-01-20 13:24:30+00:00,0.07510255741869508
2024-01-20 20:32:54+00:00,0.04330524802749205
2024-01-21 03:44:00+00:00,0.27119690230070703
2024-01-21 11:00:03+00:00,0.3050561464593932
2024-01-21 18:08:25+00:00,0.29868790329192674
2024-01-22 01:37:34+00:00,0.2524846592855461
2024-01-22 08:45:32+00:00,0.07126847606740698
2024-01-22 15:44:35+00:00,0.055372452008364416
2024-01-22 22:52:56+00:00,0.28339484119937464
2024-01-23 05:55:03+00:00,0.2570867270991567
2024-01-23 12:51:40+00:00,0.025482277287524564
2024-01-23 19:54:30+00:00,0.055743657445434296
2024-01-24 03:01:52+00:00,0.08882096418833327
2024-01-24 10:00:04+00:00,0.196971010059703
2024-01-24 17:01:21+00:00,0.1978032851181036
2024-01-25 00:12:52+00:00,0.06438680220294418
2024-01-25 07:12:59+00:00,0.1862332460104994
2024-01-25 14:17:36+00:00,0.24132538788620753
2024-01-25 21:25:35+00:00,0.31295513008760667
2024-01-26 04:36:56+00:00,0.15525033395107254
2024-01-26 11:39:13+00:00,0.3138213410045094
2024-01-26 18:45:45+00:00,0.30980138826953196
2024-01-27 01:57:53+00:00,0.15539820364968257
2024-01-27 09:13:53+00:00,0.14618011559133842
2024-01-27 16:24:12+00:00,0.13634988504413134
2024-01-27 23:42:42+00:00,0.13260324048395003
2024-01-28 06:46:17+00:00,0.1318241369655943
2024-01-28 13:46:37+00:00,0.12980572915850372
2024-01-28 20:49:39+00:00,0.10177907065970619
2024-01-29 03:53:26+00:00,0.2457706531516137
2024-01-29 10:52:23+00:00,0.10196417575407284
2024-01-29 17:55:55+00:00,0.09934235833118565
2024-01-30 01:21:40+00:00,-0.014370073700485153
2024-01-30 08:23:38+00:00,-0.043893082874151376
2024-01-30 15:23:34+00:00,0.07368228150036168
2024-01-30 22:39:42+00:00,0.08843232426139006
2024-01-31 05:56:21+00:00,0.09287444084267886
2024-01-31 13:01:33+00:00,0.15483377138931848
2024-01-31 20:09:35+00:00,0.23661883112041193
2024-02-01 03:28:08+00:00,0.2378545180795673
2024-02-01 10:35:29+00:00,0.2295022525163752
2024-02-01 17:44:16+00:00,0.09465829504946588
2024-02-02 01:26:10+00:00,-0.002708151121288115
2024-02-02 08:44:25+00:00,-0.028024252763857973
2024-02-02 15:56:23+00:00,0.0812104738820107
2024-02-02 23:37:56+00:00,0.20352055427802218
2024-02-03 07:11:08+00:00,0.09865344612816669
2024-02-03 14:23:37+00:00,0.10398737233273325
2024-02-03 21:58:23+00:00,0.10656690023666525
2024-02-04 05:28:14+00:00,-0.03206000230701675
2024-02-04 12:54:48+00:00,0.11520290833674014
2024-02-04 20:16:50+00:00,-0.06795341015820577
2024-02-05 03:47:09+00:00,0.08950331378566688
2024-02-05 11:00:54+00:00,0.11001878231437556
2024-02-05 18:08:21+00:00,0.10149145744083504
2024-02-06 01:38:45+00:00,0.11101922211335162
2024-02-06 09:07:39+00:00,-0.02951127295337876
2024-02-06 16:20:12+00:00,0.18182821773602098
2024-02-06 23:32:47+00:00,0.17206763760756186
2024-02-07 06:40:01+00:00,0.1735371300533076
2024-02-07 13:48:17+00:00,0.19063461569956167
2024-02-07 20:56:44+00:00,0.19237698004787934
2024-02-08 04:13:38+00:00,0.20090058166358796
2024-02-08 11:25:18+00:00,0.19575421422689626
2024-02-08 18:36:14+00:00,0.197953067251929
2024-02-09 02:20:22+00:00,0.20401469797136562
2024-02-09 09:50:30+00:00,0.22258978618599373
2024-02-09 17:04:46+00:00,0.22400400455940972
2024-02-10 00:32:30+00:00,0.22701145948117632
2024-02-10 07:52:37+00:00,0.22886555100153413
2024-02-10 15:02:22+00:00,0.23079060381918265
2024-02-10 22:16:52+00:00,0.24974568522959917
2024-02-11 05:26:24+00:00,0.24849251878579945
2024-02-11 12:30:23+00:00,0.24041967925936117
2024-02-11 19:37:52+00:00,0.24197764215400488
2024-02-12 03:10:56+00:00,0.247181826350485
2024-02-12 10:18:13+00:00,0.27182042962806907
2024-02-12 17:18:42+00:00,0.4084546130325881
2024-02-13 00:43:03+00:00,0.4336539096270915
2024-02-13 07:49:04+00:00,0.2292083227563423
2024-02-13 14:49:48+00:00,0.4512411338619913
2024-02-13 21:53:52+00:00,0.46124106258806613
2024-02-14 05:03:43+00:00,0.5152066823596751
2024-02-14 12:11:56+00:00,0.5904065358644701
2024-02-14 19:18:45+00:00,0.5921643599385064
2024-02-15 02:32:30+00:00,0.636918747636889
2024-02-15 09:39:24+00:00,0.6573419108793174
2024-02-15 16:41:37+00:00,0.6537257936196672
2024-02-16 00:10:41+00:00,0.6205378037609427
2024-02-16 07:16:58+00:00,0.6367364357348825
2024-02-16 14:20:10+00:00,0.6220764641557752
2024-02-16 21:35:06+00:00,0.6159624937966462
2024-02-17 04:49:13+00:00,0.6155927386726885
2024-02-17 11:58:22+00:00,0.6141216399182537
2024-02-17 19:08:16+00:00,0.6298038148224214
2024-02-18 02:39:21+00:00,0.6470017401105577
2024-02-18 09:52:02+00:00,0.62749113851078
2024-02-18 16:54:19+00:00,0.6085788197423212
2024-02-19 00:07:30+00:00,0.19706965921024902
2024-02-19 07:24:30+00:00,0.6372914289622755
2024-02-19 14:26:56+00:00,0.6301428595398232
2024-02-19 21:41:26+00:00,0.6267565811205442
2024-02-20 04:52:10+00:00,0.1644268000031066
2024-02-20 11:59:13+00:00,0.15594514821812078
2024-02-20 19:03:34+00:00,0.5692078783372978
2024-02-21 02:23:55+00:00,0.5850495261038821
2024-02-21 09:34:06+00:00,1.1313703367694377
2024-02-21 16:34:36+00:00,0.6678270161617347
2024-02-21 23:55:19+00:00,0.6484938700638473
2024-02-22 07:04:52+00:00,0.6827959785714992
2024-02-22 14:06:20+00:00,0.6532289978284638
2024-02-22 21:26:58+00:00,0.6756861187148878
2024-02-23 05:11:26+00:00,0.6215275806035991
2024-02-23 12:16:30+00:00,0.6251221169530876
2024-02-23 19:26:03+00:00,0.6180499336113598
2024-02-24 02:57:08+00:00,0.6456594613117942
2024-02-24 10:13:58+00:00,0.6307663358248136
2024-02-24 17:18:19+00:00,0.6299081215401685
2024-02-25 00:40:42+00:00,0.622366494803289
2024-02-25 07:53:49+00:00,0.6141609486206545
2024-02-25 14:58:19+00:00,0.14879317121986219
2024-02-25 22:07:33+00:00,0.6217203103026856
2024-02-26 05:19:36+00:00,0.6183222070252489
2024-02-26 12:21:59+00:00,0.6177360830832662
2024-02-26 19:25:45+00:00,0.6135104961208452
2024-02-27 02:40:55+00:00,0.6163165128009254
2024-02-27 09:45:48+00:00,0.6124114497229162
2024-02-27 16:46:34+00:00,0.6128262443855664
2024-02-28 00:06:34+00:00,0.6345372921162663
2024-02-28 07:13:00+00:00,0.6228187369109668
2024-02-28 14:11:17+00:00,0.6328800564634613
2024-02-28 21:14:03+00:00,0.6258806378031834
2024-02-29 04:22:59+00:00,0.6197815834955726
2024-02-29 11:26:04+00:00,0.6392946273309502
2024-02-29 18:28:05+00:00,0.6287488558477763
2024-03-01 01:40:36+00:00,0.6414809584115265
2024-03-01 08:47:29+00:00,0.6394108912909533
2024-03-01 15:49:07+00:00,0.6276390520821965
2024-03-01 23:09:29+00:00,0.6404010445837645
2024-03-02 06:23:32+00:00,0.6313918277103283
2024-03-02 13:29:35+00:00,0.6312431310588488
2024-03-02 20:42:51+00:00,0.6279603784659011
2024-03-03 04:05:31+00:00,0.6435680955967085
2024-03-03 11:08:15+00:00,0.6429705222478295
2024-03-03 18:11:06+00:00,0.6589117583856654
2024-03-04 01:45:53+00:00,0.6506879224215543
2024-03-04 09:13:24+00:00,0.6565140769189013
2024-03-04 16:22:04+00:00,0.6479084263830893
2024-03-04 23:49:11+00:00,0.6467725556150551
2024-03-05 07:07:09+00:00,0.6598619949282155
2024-03-05 14:11:01+00:00,0.6214832675969225
2024-03-05 21:18:39+00:00,0.7519076824392775
2024-03-06 04:41:37+00:00,0.7393572117839572
2024-03-06 11:47:22+00:00,0.7067731931440101
2024-03-06 18:56:35+00:00,0.7013401129596103
2024-03-07 02:31:28+00:00,0.6982151876598586
2024-03-07 09:46:12+00:00,0.6972665615321234
2024-03-07 16:51:01+00:00,0.6972665615321234
2024-03-08 00:21:13+00:00,0.6999302525539596
2024-03-08 07:38:56+00:00,0.7002642809574482
2024-03-08 14:46:45+00:00,0.7953354183809931
2024-03-08 22:11:26+00:00,0.826082645263831
2024-03-09 05:48:57+00:00,0.7872563385878423
2024-03-09 12:55:38+00:00,0.7800125029991818
2024-03-09 20:27:49+00:00,0.7777562418743353
2024-03-10 04:34:07+00:00,0.7860207312138593
2024-03-10 11:54:05+00:00,0.785998020195494
2024-03-10 19:13:53+00:00,0.7892736450531183
2024-03-11 02:54:44+00:00,0.2463664997614155
2024-03-11 10:03:09+00:00,0.8376144652339169
2024-03-11 17:11:21+00:00,0.7846589531339362
2024-03-12 00:52:19+00:00,0.7969541001240626
2024-03-12 08:23:38+00:00,0.7646395440891126
2024-03-12 15:24:05+00:00,0.7644627418743868
2024-03-12 22:33:43+00:00,0.7732678280169004
2024-03-13 05:59:20+00:00,0.7800924662762613
2024-03-13 13:04:55+00:00,0.8201179080232218
2024-03-13 20:15:23+00:00,0.8587786977287453
2024-03-14 03:39:35+00:00,0.8306093787216792
2024-03-14 10:52:44+00:00,0.757286892554572
2024-03-14 17:51:30+00:00,0.7903918072371767
2024-03-15 00:51:31+00:00,0.7818742011833927
2024-03-15 07:50:10+00:00,0.8346917274333985
2024-03-15 14:48:30+00:00,0.8257487125207941
2024-03-15 21:51:47+00:00,0.8364481098461314
2024-03-16 04:55:47+00:00,0.7689062996327366
2024-03-16 11:57:38+00:00,0.7994495926524136
2024-03-16 18:56:07+00:00,0.048939218733165986
2024-03-17 02:00:50+00:00,0.7837234390569388
2024-03-17 09:10:53+00:00,0.3637159597046251
2024-03-17 16:10:57+00:00,0.8159385305037841
2024-03-17 23:20:11+00:00,0.7647072833379756
2024-03-18 06:24:24+00:00,0.7523655152987598
2024-03-18 13:23:33+00:00,0.74533026688172
2024-03-18 20:23:53+00:00,0.7905228821239068
2024-03-19 03:24:44+00:00,0.23414397697101352
2024-03-19 10:24:39+00:00,0.18843251377725198
2024-03-19 17:22:09+00:00,0.6206870793281374
2024-03-20 00:20:20+00:00,0.6429867551481082
2024-03-20 07:17:39+00:00,0.15635434228023598
2024-03-20 14:12:26+00:00,0.08567815531865301
2024-03-20 21:12:06+00:00,0.14785195990492478
2024-03-21 04:14:48+00:00,0.16101771947550753
2024-03-21 11:12:50+00:00,0.13137532348591455
2024-03-21 18:09:57+00:00,0.12946016007989436
2024-03-22 01:10:48+00:00,0.11117584120547641
2024-03-22 08:08:14+00:00,0.36600089310600187
2024-03-22 15:05:12+00:00,0.1417231103770862
2024-03-22 22:03:44+00:00,0.4012402100692407
2024-03-23 05:01:03+00:00,0.41021221377429934
2024-03-23 11:58:15+00:00,0.4227031816591124
2024-03-23 18:56:11+00:00,0.4746434455325688
2024-03-24 01:55:22+00:00,0.45061147028419984
2024-03-24 08:52:46+00:00,0.44599673462377903
2024-03-24 15:49:42+00:00,0.4410043647363664
2024-03-24 22:47:41+00:00,0.43850912046674717
2024-03-25 05:45:20+00:00,0.4437474628789549
2024-03-25 12:42:30+00:00,0.4330262476783372
2024-03-25 19:39:49+00:00,0.06376835705082694
2024-03-26 02:36:35+00:00,0.4504869256905731
2024-03-26 09:33:24+00:00,0.5317076801384633
2024-03-26 16:30:46+00:00,0.1380329545900113
2024-03-26 23:27:35+00:00,0.11259429919440282
2024-03-27 06:26:06+00:00,-0.02588082023900201
2024-03-27 13:23:39+00:00,-0.05492991775301024
2024-03-27 20:22:27+00:00,0.3041959546019472
2024-03-28 03:21:38+00:00,0.03480298868289485
2024-03-28 10:18:40+00:00,0.008243572781558387
2024-03-28 17:17:17+00:00,0.307545807963467
2024-03-29 00:20:17+00:00,-0.04751922973448376
2024-03-29 07:18:39+00:00,0.3045810181771272
2024-03-29 14:15:41+00:00,0.358220637467524
2024-03-29 21:15:21+00:00,0.3817779706662221
2024-03-30 04:13:57+00:00,0.3883259070394977
2024-03-30 11:11:12+00:00,0.43323981499539904
2024-03-30 18:08:18+00:00,0.44384486139603085
2024-03-31 01:08:00+00:00,0.4548104385115273
2024-03-31 08:06:37+00:00,0.4986708340362249
2024-03-31 15:03:55+00:00,0.5372334675563184
2024-03-31 22:00:54+00:00,0.49922264839846564
2024-04-01 05:01:11+00:00,0.17339238077321278
2024-04-01 12:00:21+00:00,0.4807143679607485
2024-04-01 18:58:48+00:00,0.0543212735353505
2024-04-02 01:59:20+00:00,0.4284998692452293
2024-04-02 08:57:28+00:00,-0.0021144760002144987
2024-04-02 15:55:51+00:00,-0.06442425567795361
2024-04-02 22:56:24+00:00,-0.10140882699033285
2024-04-03 05:56:49+00:00,-0.13033950979698122
2024-04-03 12:56:08+00:00,0.24926540005614461
2024-04-03 19:55:30+00:00,0.23288606219313499
2024-04-04 02:56:14+00:00,0.21948646051183923
2024-04-04 09:53:56+00:00,0.221202024249723
2024-04-04 16:51:02+00:00,0.23576042333920902
2024-04-04 23:51:00+00:00,0.2815195515190817
2024-04-05 06:50:43+00:00,0.28690209013312007
2024-04-05 13:47:58+00:00,0.2778263805426838
2024-04-05 20:46:53+00:00,0.28084838845955934
2024-04-06 03:46:55+00:00,0.28228055694733584
2024-04-06 10:45:04+00:00,0.29063831537508383
2024-04-06 17:42:44+00:00,0.33081711493538574
2024-04-07 00:41:06+00:00,0.34185445391827646
2024-04-07 07:38:59+00:00,0.4013227966318147
2024-04-07 14:36:17+00:00,0.4327532148549557
2024-04-07 21:33:34+00:00,0.4898536208134425
2024-04-08 04:31:18+00:00,0.4663076647853734
2024-04-08 11:30:16+00:00,0.4786262278020624
2024-04-08 18:28:48+00:00,0.4372830262621203
2024-04-09 01:27:17+00:00,0.46985508158213984
2024-04-09 08:26:37+00:00,-0.03739757778308456
2024-04-09 15:26:15+00:00,0.41989476169796724
2024-04-09 22:25:48+00:00,0.43222750840801516
2024-04-10 05:23:41+00:00,0.42578124608151563
2024-04-10 12:21:43+00:00,0.40822072081596583
2024-04-10 19:23:53+00:00,0.4451960712048597
2024-04-11 02:22:55+00:00,0.5054566284840086
2024-04-11 09:20:42+00:00,0.5140007402087097
2024-04-11 16:21:36+00:00,0.49969739097066057
2024-04-11 23:20:15+00:00,0.5045716879749818
2024-04-12 06:19:57+00:00,0.48833056444347495
2024-04-12 13:18:53+00:00,0.4769489336713573
2024-04-12 20:21:12+00:00,0.478252923504423
2024-04-13 03:23:53+00:00,-0.12968719603470105
2024-04-13 10:22:30+00:00,0.45375663392458315
2024-04-13 17:22:18+00:00,-0.11637774917088893
2024-04-14 00:24:09+00:00,-0.1403374445268043
2024-04-14 07:28:46+00:00,-0.13808923695233372
2024-04-14 14:29:32+00:00,-0.19167499515912678
2024-04-14 21:31:20+00:00,-0.22046332127315704
2024-04-15 04:30:26+00:00,0.17386794602562367
2024-04-15 11:29:29+00:00,0.19421809298992632
2024-04-15 18:33:28+00:00,-0.17055732079825747
2024-04-16 01:35:19+00:00,-0.1836677207814221
2024-04-16 08:37:41+00:00,-0.18474226075775751
2024-04-16 15:42:35+00:00,0.17955604962415148
2024-04-16 22:47:20+00:00,0.2095480754448391
2024-04-17 05:49:51+00:00,0.18970419221494744
2024-04-17 12:53:39+00:00,-0.07920282505737128
2024-04-17 19:57:33+00:00,0.17196561190558574
2024-04-18 03:00:28+00:00,0.21123930533637236
2024-04-18 10:03:56+00:00,0.233960423097193
2024-04-18 17:11:50+00:00,-0.043233184608943466
2024-04-19 00:19:02+00:00,0.2624298821695466
2024-04-19 07:26:06+00:00,-0.095688639593617
2024-04-19 14:32:47+00:00,-0.08400240208864077
2024-04-19 21:37:56+00:00,-0.1267821298331718
2024-04-20 04:41:48+00:00,-0.1608313221011894
2024-04-20 11:40:05+00:00,-0.19659042756882047
2024-04-20 18:41:59+00:00,-0.20156790057430063
2024-04-21 01:41:52+00:00,-0.21441792436945675
2024-04-21 08:41:57+00:00,-0.1844172899427906
2024-04-21 15:41:37+00:00,-0.201951825418789
2024-04-21 22:41:10+00:00,0.03852951494558786
2024-04-22 05:42:25+00:00,0.09211491503424166
2024-04-22 12:44:07+00:00,0.12947734568468092
2024-04-22 19:49:00+00:00,0.19559341945554914
2024-04-23 02:49:49+00:00,0.26341243514962065
2024-04-23 09:50:39+00:00,0.2507863811095811
2024-04-23 16:57:29+00:00,0.2953468726403902
2024-04-24 00:02:09+00:00,0.2909955996793487
2024-04-24 07:05:52+00:00,0.2799040758397685
2024-04-24 14:11:33+00:00,0.2920923580713329
2024-04-24 21:22:13+00:00,0.32128293447050854
2024-04-25 04:28:06+00:00,0.3233325958029595
2024-04-25 11:37:34+00:00,0.32136441834759555
2024-04-25 18:50:08+00:00,0.32043368471885886
2024-04-26 01:53:00+00:00,0.31924806808217704
2024-04-26 08:53:14+00:00,0.31467049395370633
2024-04-26 15:57:28+00:00,0.31622196167140476
2024-04-26 22:56:47+00:00,0.3056868676776193
2024-04-27 05:58:25+00:00,0.31997583659308726
2024-04-27 12:59:40+00:00,0.3233434944019452
2024-04-27 20:01:07+00:00,0.3252093970202455
2024-04-28 03:01:45+00:00,0.3244713341552711
2024-04-28 10:01:54+00:00,0.3181258910073533
2024-04-28 17:03:44+00:00,0.3162039304552257
2024-04-29 00:04:57+00:00,0.3037364263629135
2024-04-29 07:06:09+00:00,-0.2317446807022508
2024-04-29 14:06:26+00:00,0.5871860059150241
2024-04-29 21:07:58+00:00,0.31356575462051317
2024-04-30 04:09:15+00:00,0.31481344891175705
2024-04-30 11:11:48+00:00,-0.30531653818649157
2024-04-30 18:20:49+00:00,0.2830931611895201
2024-05-01 01:24:35+00:00,0.28872561987303086
2024-05-01 08:25:02+00:00,0.2878036479913155
2024-05-01 15:28:56+00:00,0.27781265216620893
2024-05-01 22:33:19+00:00,0.2853899735908526
2024-05-02 05:34:23+00:00,0.2922657431087743
2024-05-02 12:33:14+00:00,0.28564909325652427
2024-05-02 19:33:39+00:00,0.28617606562694153
2024-05-03 02:32:55+00:00,0.2806670600340545
2024-05-03 09:31:09+00:00,-0.07899396312060432
2024-05-03 16:30:40+00:00,0.26582353876851145
2024-05-03 23:30:07+00:00,-0.019601459906929204
2024-05-04 06:30:18+00:00,0.257362347873298
2024-05-04 13:28:24+00:00,0.27613122969252324
2024-05-04 20:26:22+00:00,0.2575371235765991
2024-05-05 03:27:11+00:00,-0.06291623778503548
2024-05-05 10:25:26+00:00,-0.08507602417495791
2024-05-05 17:23:22+00:00,-0.10620960341988302
2024-05-06 00:22:21+00:00,0.16445013294166932
2024-05-06 07:22:06+00:00,0.1644878629255944
2024-05-06 14:21:40+00:00,-0.19679552266011804
2024-05-06 21:20:32+00:00,0.17303294400984795
2024-05-07 04:20:12+00:00,-0.13409750512984756
2024-05-07 11:18:21+00:00,0.15503936257225856
2024-05-07 18:16:55+00:00,0.14823969928235542
2024-05-08 01:16:55+00:00,0.14819436815127682
2024-05-08 08:15:28+00:00,-0.12856107500424857
2024-05-08 15:13:51+00:00,-0.12167511232417982
2024-05-08 22:14:13+00:00,-0.09002146570889766
2024-05-09 05:15:36+00:00,-0.08814654098615962
2024-05-09 12:13:11+00:00,-0.0861150577526266
2024-05-09 19:14:19+00:00,-0.08764027085265474
2024-05-10 02:13:23+00:00,0.08619514493512712
2024-05-10 09:12:11+00:00,0.0862313808182379
2024-05-10 16:14:52+00:00,0.08222844633018503
2024-05-10 23:14:49+00:00,0.07174539900539158
2024-05-11 06:13:52+00:00,0.07242446847375009
2024-05-11 13:12:41+00:00,0.07135176814708549
2024-05-11 20:10:36+00:00,0.07216609117396412
2024-05-12 03:09:50+00:00,0.07178124217330731
2024-05-12 10:07:45+00:00,0.0720979801928035
2024-05-12 17:07:36+00:00,0.07200199723772563
2024-05-13 00:06:57+00:00,0.07153470652517893
2024-05-13 07:09:51+00:00,0.12258990080287027
2024-05-13 14:13:42+00:00,0.14790175112533213
2024-05-13 21:21:01+00:00,0.16786211514196306
2024-05-14 04:21:30+00:00,0.19937507459834425
2024-05-14 11:26:41+00:00,-0.06294482864644949
2024-05-14 18:37:16+00:00,0.1939025162192878
2024-05-15 01:38:51+00:00,0.200190827674212
2024-05-15 08:40:47+00:00,0.21371303694193622
2024-05-15 15:48:41+00:00,-0.027698458345109245
2024-05-15 22:58:37+00:00,0.23238359833182332
2024-05-16 06:04:56+00:00,0.23329830524438644
2024-05-16 13:12:32+00:00,0.22268138922264452
2024-05-16 20:21:05+00:00,0.2234069541240442
2024-05-17 03:23:01+00:00,0.22989134441725897
2024-05-17 10:30:48+00:00,0.23139596399600368
2024-05-17 17:51:42+00:00,0.21421337295227197
2024-05-18 00:57:09+00:00,0.2220661994925777
2024-05-18 08:03:19+00:00,0.22268542839329372
2024-05-18 15:18:20+00:00,0.25215624225308764
2024-05-18 22:30:15+00:00,0.2329846604319703
2024-05-19 05:36:17+00:00,0.23260914860418405
2024-05-19 12:41:32+00:00,-0.10402355642772133
2024-05-19 19:51:41+00:00,-0.1688256190756067
2024-05-20 03:06:03+00:00,-0.09383622111337092
2024-05-20 10:09:58+00:00,-0.11073249656935813
2024-05-20 17:12:12+00:00,0.22769735875780422
2024-05-21 00:22:57+00:00,0.23634797251533932
2024-05-21 07:30:37+00:00,0.23561766456509273
2024-05-21 14:39:30+00:00,0.2336246294194987
2024-05-21 21:46:50+00:00,0.2158836863015534
2024-05-22 04:51:28+00:00,0.24104562364038512
2024-05-22 11:54:41+00:00,-0.10290707458328344
2024-05-22 18:59:53+00:00,0.2364816257007668
2024-05-23 02:04:33+00:00,0.24386606999589255
2024-05-23 09:06:45+00:00,0.23275964589158116
2024-05-23 16:15:35+00:00,0.23516125961234063
2024-05-23 23:25:41+00:00,0.24161492893898903
2024-05-24 06:33:02+00:00,0.4057410734629939
2024-05-24 13:40:08+00:00,0.22710780420358606
2024-05-24 20:46:33+00:00,0.2333510251935261
2024-05-25 03:47:58+00:00,0.30203005131932964
2024-05-25 10:49:27+00:00,0.3323915804965022
2024-05-25 17:55:08+00:00,0.32475518223417615
2024-05-26 00:57:44+00:00,0.14472764490266266
2024-05-26 07:58:55+00:00,0.32766532446161395
2024-05-26 15:00:43+00:00,0.3375457032800913
2024-05-26 22:05:01+00:00,0.38956714591930286
2024-05-27 05:08:05+00:00,0.4573537101846181
2024-05-27 12:10:52+00:00,0.46330351266367836
2024-05-27 19:15:32+00:00,0.2151138987111298
2024-05-28 02:16:44+00:00,0.4286958316252342
2024-05-28 09:23:16+00:00,0.4354653433394985
2024-05-28 16:25:50+00:00,0.4542769122137237
2024-05-28 23:23:58+00:00,0.46182465241078374
2024-05-29 06:21:38+00:00,0.43990287990097016
2024-05-29 13:19:02+00:00,0.433316967589837
2024-05-29 20:16:21+00:00,0.2548174295308448
2024-05-30 03:13:46+00:00,0.4462968097432312
2024-05-30 10:11:08+00:00,0.44211078371888674
2024-05-30 17:07:49+00:00,0.4273459810066661
2024-05-31 00:05:29+00:00,0.4279743992966186
2024-05-31 07:02:51+00:00,0.441603027071274
2024-05-31 14:02:15+00:00,0.44277217693268855
2024-05-31 21:00:19+00:00,0.4548553819012341
2024-06-01 03:57:32+00:00,0.43112104454859357
2024-06-01 10:54:23+00:00,0.45821361954406625
2024-06-01 17:51:57+00:00,0.45392441206943185
2024-06-02 00:49:10+00:00,0.4467536259669226
2024-06-02 07:45:59+00:00,0.4431003238452671
2024-06-02 14:42:34+00:00,0.4546412081300588
2024-06-02 21:40:17+00:00,0.44512324600741804
2024-06-03 04:39:56+00:00,0.429893313409765
2024-06-03 11:38:22+00:00,0.43284943990721403
2024-06-03 18:36:01+00:00,0.4477753805412653
2024-06-04 01:34:27+00:00,0.4339633365885143
2024-06-04 08:32:01+00:00,0.42843529003204706
2024-06-04 15:31:18+00:00,0.42745922554576554
2024-06-04 22:29:21+00:00,0.42656431219820423
2024-06-05 05:27:18+00:00,0.46308322608898433
2024-06-05 12:24:01+00:00,0.4413686826540179
2024-06-05 19:21:54+00:00,0.46265422267663686
2024-06-06 02:22:04+00:00,0.4636114774540849
2024-06-06 09:20:42+00:00,0.459446051050232
2024-06-06 16:17:58+00:00,0.48043079872718797
2024-06-06 23:18:08+00:00,0.45279712007137235
2024-06-07 06:17:04+00:00,0.4379999072617482
2024-06-07 13:14:35+00:00,0.10812706724712126
2024-06-07 20:13:33+00:00,0.4865827068847983
2024-06-08 03:11:45+00:00,0.46259843413603235
2024-06-08 10:08:24+00:00,0.9139830595731053
2024-06-08 17:05:52+00:00,0.43234337164802417
2024-06-09 00:03:43+00:00,0.43967005333768255
2024-06-09 07:01:13+00:00,0.4372281172415098
2024-06-09 13:59:05+00:00,0.44239702469658215
2024-06-09 20:56:22+00:00,0.4592610746798763
2024-06-10 03:54:00+00:00,0.44301318866641165
2024-06-10 10:51:36+00:00,0.43206777269021407
2024-06-10 17:48:45+00:00,0.4439033480794253
2024-06-11 00:46:34+00:00,0.43545054845441505
2024-06-11 07:45:07+00:00,0.0826314284775442
2024-06-11 14:42:49+00:00,0.4277435894900011
2024-06-11 21:36:50+00:00,0.43302521991334975
2024-06-12 04:30:32+00:00,0.4348612238266148
2024-06-12 11:24:55+00:00,0.44125746473311117
2024-06-12 18:22:16+00:00,0.4366073144917282
2024-06-13 01:19:02+00:00,0.4353952971255064
2024-06-13 08:15:42+00:00,0.43596910399979305
2024-06-13 15:12:44+00:00,0.4312267652090126
2024-06-13 22:09:09+00:00,-0.022210254012016803
2024-06-14 05:05:48+00:00,0.42173821531926237
2024-06-14 12:02:02+00:00,0.4176011864447753
2024-06-14 19:00:08+00:00,0.1099624150110053
2024-06-15 01:57:25+00:00,0.3868174550726887
2024-06-15 08:53:13+00:00,0.12400527005228472
2024-06-15 15:49:07+00:00,0.08738310727863191
2024-06-15 22:45:06+00:00,0.11103524665936337
2024-06-16 05:41:55+00:00,0.1030861349842341
2024-06-16 12:37:36+00:00,0.08681611322726393
2024-06-16 19:33:48+00:00,0.006490995546476605
2024-06-17 02:32:13+00:00,0.299441217144393
2024-06-17 09:29:35+00:00,0.03157770218972153
2024-06-17 16:27:44+00:00,0.07121589612976523
2024-06-17 23:26:37+00:00,0.3064562819137567
2024-06-18 06:27:23+00:00,0.30434572874473104
2024-06-18 13:25:20+00:00,0.3002537256815933
2024-06-18 20:24:12+00:00,-0.07447115565976309
2024-06-19 03:21:06+00:00,0.2971992920207224
2024-06-19 10:18:05+00:00,0.2982309992065534
2024-06-19 17:14:43+00:00,0.2899037585132875
2024-06-20 00:12:04+00:00,0.2911315830142568
2024-06-20 07:09:00+00:00,0.29761052898567514
2024-06-20 14:03:33+00:00,0.2962149168878125
2024-06-20 20:57:51+00:00,0.27674541332725233
2024-06-21 03:54:44+00:00,0.2719829241247656
2024-06-21 10:50:55+00:00,-0.16473333838058263
2024-06-21 17:48:13+00:00,-0.10918695442948326
2024-06-22 00:45:16+00:00,0.26567224192260763
2024-06-22 07:41:31+00:00,0.2638773653086964
2024-06-22 14:37:08+00:00,0.27036891298516436
2024-06-22 21:33:24+00:00,0.2684283851351654
2024-06-23 04:30:05+00:00,0.2680307580088548
2024-06-23 11:25:51+00:00,0.26628406794177467
2024-06-23 18:22:13+00:00,0.2653644404946328
2024-06-24 01:19:07+00:00,0.2637102996289367
2024-06-24 08:16:12+00:00,0.2553792481008608
2024-06-24 15:13:37+00:00,-0.13995357706827652
2024-06-24 22:11:32+00:00,0.2659993257010555
2024-06-25 05:08:44+00:00,0.25869165750897855
2024-06-25 12:05:33+00:00,0.2543648333663403
2024-06-25 19:02:50+00:00,0.2553281706942464
2024-06-26 01:59:44+00:00,0.2576641898449077
2024-06-26 08:56:08+00:00,0.2592385121957404
2024-06-26 15:53:33+00:00,-0.17920441806456092
2024-06-26 22:51:24+00:00,0.25117605601565207
2024-06-27 05:48:39+00:00,-0.144339378130913
2024-06-27 12:45:33+00:00,-0.14926582457087015
2024-06-27 19:43:21+00:00,0.24289139175192206
2024-06-28 02:41:29+00:00,0.24274258806423415
2024-06-28 09:38:18+00:00,0.2417583828951441
2024-06-28 16:35:14+00:00,0.24543077779635739
2024-06-28 23:32:43+00:00,0.24175329739945317
2024-06-29 06:30:04+00:00,0.24249824022476676
2024-06-29 13:26:54+00:00,0.2424558792966036
2024-06-29 20:23:22+00:00,0.24820326713284943
2024-06-30 03:20:38+00:00,0.28258673080493896
2024-06-30 10:17:35+00:00,-0.1240524711365666
2024-06-30 17:14:29+00:00,0.24708188743983053
2024-07-01 00:11:50+00:00,0.2457205441706981
2024-07-01 07:09:18+00:00,0.25048511443895205
2024-07-01 14:06:21+00:00,0.2455287563818508
2024-07-01 21:04:02+00:00,0.23751229332285312
2024-07-02 04:01:21+00:00,0.24101258243040155
2024-07-02 10:58:31+00:00,0.24325445287131509
2024-07-02 17:56:42+00:00,0.243072566876287
2024-07-03 00:53:54+00:00,0.2480367443102466
2024-07-03 07:51:37+00:00,0.23662438928467167
2024-07-03 14:50:28+00:00,0.242280481879144
2024-07-03 21:48:25+00:00,0.2482848842271652
2024-07-04 04:46:26+00:00,0.2402823769354884
2024-07-04 11:44:03+00:00,-0.09259543868305141
2024-07-04 18:45:25+00:00,0.23190434166936935
2024-07-05 01:43:13+00:00,-0.09749235262779618
2024-07-05 08:41:49+00:00,-0.14477542264280416
2024-07-05 15:40:01+00:00,0.2326304894307976
2024-07-05 22:37:54+00:00,0.2203750908053488
2024-07-06 05:35:42+00:00,0.22428779778884173
2024-07-06 12:32:30+00:00,0.2263665978724013
2024-07-06 19:29:41+00:00,0.23001971331679302
2024-07-07 02:28:00+00:00,0.22291276235697116
2024-07-07 09:24:54+00:00,0.22387036856552425
2024-07-07 16:22:02+00:00,0.22300315587272823
2024-07-07 23:19:07+00:00,0.22210788766873682
2024-07-08 06:17:36+00:00,0.22183054792105936
2024-07-08 13:16:23+00:00,0.22261250936296278
2024-07-08 20:14:40+00:00,0.22186410636297596
2024-07-09 03:13:50+00:00,0.22000223858617776
2024-07-09 10:12:07+00:00,0.21957287014891824
2024-07-09 17:10:09+00:00,0.22048850205448828
2024-07-10 00:08:06+00:00,0.2232915485203263
2024-07-10 07:06:34+00:00,0.2229252388536815
2024-07-10 14:04:06+00:00,0.2234925381945443
2024-07-10 21:01:58+00:00,0.22609244561216604
2024-07-11 03:59:50+00:00,0.2283475519504457
2024-07-11 10:56:54+00:00,0.22855223331959887
2024-07-11 17:55:34+00:00,0.22162514633925215
2024-07-12 00:53:06+00:00,0.22305484326283218
2024-07-12 07:50:37+00:00,0.22272736815449345
2024-07-12 14:48:04+00:00,0.22513730777201038
2024-07-12 21:45:30+00:00,0.22631658076068092
2024-07-13 04:43:45+00:00,0.22372269648692691
2024-07-13 11:40:54+00:00,0.22190952155649088
2024-07-13 18:37:55+00:00,-0.26224626370313603
2024-07-14 01:35:53+00:00,0.22118411230160084
2024-07-14 08:33:10+00:00,0.2240863523130396
2024-07-14 15:30:21+00:00,0.22157542152949003
2024-07-14 22:27:33+00:00,0.21961682143245873
2024-07-15 05:25:35+00:00,0.21753679970514445
2024-07-15 12:23:11+00:00,-0.25630034276356506
2024-07-15 19:21:03+00:00,0.21502372634074862
2024-07-16 02:20:06+00:00,0.2078073886145129
2024-07-16 09:17:36+00:00,0.20935234038713454
2024-07-16 16:14:47+00:00,0.2128171380520171
2024-07-16 23:12:08+00:00,0.2090279998312809
2024-07-17 06:09:31+00:00,0.20995799709032018
2024-07-17 13:06:38+00:00,0.21038424343119216
2024-07-17 20:04:10+00:00,0.21068533287161867
2024-07-18 03:02:41+00:00,0.2114409578332065
2024-07-18 10:16:29+00:00,0.2130793980941087
2024-07-18 17:18:11+00:00,0.21433433042115882
2024-07-19 00:15:42+00:00,0.20861252842600728
2024-07-19 07:13:48+00:00,0.20875024102227077
2024-07-19 14:11:55+00:00,0.21284868796734457
2024-07-19 21:10:39+00:00,0.2116589672072828
2024-07-20 04:08:31+00:00,0.21158728657243153
2024-07-20 11:05:40+00:00,0.21141691321627504
2024-07-20 18:03:03+00:00,0.12608734185713374
2024-07-21 01:01:41+00:00,0.20844901523865142
2024-07-21 08:00:04+00:00,0.21001806186563032
2024-07-21 14:57:17+00:00,0.21296882519448787
2024-07-21 21:55:49+00:00,0.21546341406280795
2024-07-22 04:53:45+00:00,0.22121389321869583
2024-07-22 11:51:16+00:00,0.21863510248066556
2024-07-22 18:49:45+00:00,0.22308014724637396
2024-07-23 01:48:21+00:00,0.22326489690227036
2024-07-23 08:46:39+00:00,0.2254002452268348
2024-07-23 15:46:07+00:00,0.22472869944126517
2024-07-23 22:45:11+00:00,0.22203797117039037
2024-07-24 05:43:41+00:00,0.22219983725905287
2024-07-24 12:41:33+00:00,0.22390598434374054
2024-07-24 19:39:52+00:00,0.22331226809397936
2024-07-25 02:39:46+00:00,0.20687093943533338
2024-07-25 09:37:32+00:00,0.21094763062956592
2024-07-25 16:35:25+00:00,0.20995523793965137
2024-07-25 23:34:11+00:00,0.20787478465770087
2024-07-26 06:32:59+00:00,0.20783314142856532
2024-07-26 13:30:07+00:00,0.20852615077321732
2024-07-26 20:28:23+00:00,0.20627286802675965
2024-07-27 03:28:07+00:00,0.21163432797418022
2024-07-27 10:25:26+00:00,-0.24702979422807247
2024-07-27 17:23:22+00:00,0.2052524051967884
2024-07-28 00:22:25+00:00,0.20521212608600867
2024-07-28 07:20:04+00:00,0.20569978678428594
2024-07-28 14:17:18+00:00,0.20736460465865086
2024-07-28 21:14:21+00:00,0.20577540911611902
2024-07-29 04:12:21+00:00,0.2051425540062202
2024-07-29 11:09:50+00:00,0.2049556219891525
2024-07-29 18:09:07+00:00,0.20878265468919577
2024-07-30 01:08:06+00:00,0.20910814652925602
2024-07-30 08:06:03+00:00,0.2102624493920187
2024-07-30 15:04:18+00:00,0.2111160281970194
2024-07-30 22:02:33+00:00,0.20198037938307906
2024-07-31 05:00:02+00:00,0.20248278315606472
2024-07-31 11:57:34+00:00,-0.21284174138931541
2024-07-31 18:55:20+00:00,0.4018259372453475
2024-08-01 01:53:40+00:00,0.20088893777659642
2024-08-01 08:51:54+00:00,0.20124254685407883
2024-08-01 15:49:32+00:00,0.20699831644514022
2024-08-01 22:48:47+00:00,0.2007815491919637
2024-08-02 05:46:54+00:00,0.20051948721355461
2024-08-02 12:44:20+00:00,0.2032154844026872
2024-08-02 19:43:40+00:00,0.20613906461392636
2024-08-03 02:42:51+00:00,0.20182350677725086
2024-08-03 09:40:32+00:00,0.19952423603527178
2024-08-03 16:38:03+00:00,0.20233882147365598
2024-08-03 23:37:36+00:00,0.19946694616932256
2024-08-04 06:35:38+00:00,0.19921024901630988
2024-08-04 13:33:01+00:00,0.20162456798822484
2024-08-04 20:33:11+00:00,0.19759638753314604
2024-08-05 03:32:46+00:00,0.20828898070103707
2024-08-05 10:32:55+00:00,-0.11017956450214281
2024-08-05 17:33:03+00:00,-0.16214648639042945
2024-08-06 00:33:49+00:00,0.15093102024535573
2024-08-06 07:32:52+00:00,0.1558759496962025
2024-08-06 14:32:02+00:00,-0.12226763117286713
2024-08-06 21:31:42+00:00,0.15715924458414743
2024-08-07 04:31:54+00:00,0.16630755788923005
2024-08-07 11:30:09+00:00,-0.08325227764666908
2024-08-07 18:30:47+00:00,0.15735937828243587
2024-08-08 01:29:48+00:00,0.15730001643336008
2024-08-08 08:28:42+00:00,0.16136305194608663
2024-08-08 15:28:06+00:00,0.1622493236403165
2024-08-08 22:27:59+00:00,0.1634361084224931
2024-08-09 05:27:26+00:00,0.15689052391976488
2024-08-09 12:26:00+00:00,0.15744096975642116
2024-08-09 19:25:10+00:00,0.15777465696538936
2024-08-10 02:26:47+00:00,0.15781575786352733
2024-08-10 09:24:29+00:00,0.1572475149161446
2024-08-10 16:23:02+00:00,0.15738253340340488
2024-08-10 23:22:51+00:00,0.15738328748356956
2024-08-11 06:21:59+00:00,0.15743210920551182
2024-08-11 13:20:04+00:00,0.16649042650053802
2024-08-11 20:18:03+00:00,0.15343635195833136
2024-08-12 03:18:09+00:00,0.15439212648586673
2024-08-12 10:16:27+00:00,0.15426243781743093
2024-08-12 17:15:43+00:00,0.1542013574123074
2024-08-13 00:14:29+00:00,0.15215667840628946
2024-08-13 07:12:56+00:00,0.15315486443943985
2024-08-13 14:20:03+00:00,0.1537078426790014
2024-08-13 21:18:55+00:00,0.15489899291017004
2024-08-14 04:18:09+00:00,0.158659035043969
2024-08-14 11:16:25+00:00,0.16007489469493152
2024-08-14 18:16:34+00:00,0.15560368087693333
2024-08-15 01:15:10+00:00,-0.10576450842877932
2024-08-15 08:13:08+00:00,0.15060869632574184
2024-08-15 15:10:51+00:00,0.15760807460217768
2024-08-15 22:10:35+00:00,0.15333940777273175
2024-08-16 05:10:24+00:00,0.15723494937441104
2024-08-16 12:09:08+00:00,0.15468772532183933
2024-08-16 19:07:19+00:00,0.15387748068644486
2024-08-17 02:06:34+00:00,-0.11238747547175897
2024-08-17 09:04:37+00:00,0.149425846340173
2024-08-17 16:02:40+00:00,0.15165974506657998
2024-08-17 23:08:03+00:00,0.1503645561999157
2024-08-18 06:09:04+00:00,0.15241747504048989
2024-08-18 13:08:20+00:00,0.14976898965994898
2024-08-18 20:07:21+00:00,0.14970774323808614
2024-08-19 03:10:44+00:00,0.1560926076893764
2024-08-19 10:09:12+00:00,0.156818324046967
2024-08-19 17:07:12+00:00,0.15234498287570303
2024-08-20 00:06:04+00:00,0.15020628467021585
2024-08-20 07:04:03+00:00,0.15259243297006772
2024-08-20 14:02:24+00:00,0.1491938985238769
2024-08-20 21:00:40+00:00,0.14987571221143542
2024-08-21 03:58:43+00:00,0.14653809348959185
2024-08-21 10:56:09+00:00,0.14992057812001314
2024-08-21 17:54:00+00:00,0.14622876892026065
2024-08-22 00:52:46+00:00,0.15439581569672997
2024-08-22 07:50:11+00:00,0.14974893500965641
2024-08-22 14:47:36+00:00,0.1508011756235555
2024-08-22 21:44:57+00:00,0.14786210758762003
2024-08-23 04:42:46+00:00,0.15273016140280152
2024-08-23 11:40:15+00:00,-0.15557244273782092
2024-08-23 18:38:57+00:00,-0.13946693402542162
2024-08-24 01:37:36+00:00,-0.18259513137524033
2024-08-24 08:35:20+00:00,0.1201153421014545
2024-08-24 15:32:48+00:00,0.1193159215581711
2024-08-24 22:31:17+00:00,-0.14099593200442848
2024-08-25 05:30:20+00:00,0.12848275079310184
2024-08-25 12:28:19+00:00,0.1757312395096509
2024-08-25 19:26:32+00:00,0.19076313095516292
2024-08-26 02:26:12+00:00,0.18836046147364086
2024-08-26 09:23:48+00:00,0.1285551504094328
2024-08-26 16:21:23+00:00,0.1916097713995667
2024-08-26 23:20:01+00:00,0.19120711080532687
2024-08-27 06:18:04+00:00,0.18792992131801126
2024-08-27 13:15:54+00:00,-0.16057919959541106
2024-08-27 20:15:04+00:00,0.1841314103579998
2024-08-28 03:15:20+00:00,0.18185757193094215
2024-08-28 10:14:45+00:00,0.18121682499927722
2024-08-28 17:13:51+00:00,-0.19252373936940842
2024-08-29 00:14:03+00:00,0.174850324551252
2024-08-29 07:12:18+00:00,0.18449513735078926
2024-08-29 14:10:29+00:00,0.1848082590773053
2024-08-29 21:09:35+00:00,-0.2489003781071078
2024-08-30 04:08:55+00:00,0.15243929947942644
2024-08-30 11:06:30+00:00,0.15303885678922877
2024-08-30 18:05:46+00:00,0.16255074447270057
2024-08-31 01:06:30+00:00,0.16084732332248158
2024-08-31 08:04:52+00:00,0.16049608494477519
2024-08-31 15:03:13+00:00,0.16624150300016327
2024-08-31 22:05:18+00:00,0.1651285386334071
2024-09-01 05:06:16+00:00,0.15974909082607985
2024-09-01 12:05:00+00:00,0.15999343115497008
2024-09-01 19:03:43+00:00,0.1608470322022659
2024-09-02 02:04:29+00:00,0.14492222253965445
2024-09-02 09:02:27+00:00,0.14577154370308568
2024-09-02 16:01:03+00:00,-0.14903339259514037
2024-09-02 23:02:31+00:00,0.14383895697532129
2024-09-03 06:00:55+00:00,0.14080363743556357
2024-09-03 12:58:18+00:00,0.14091403061687116
2024-09-03 19:57:07+00:00,-0.12689977588864326
2024-09-04 02:56:53+00:00,0.12832424679609228
2024-09-04 09:54:59+00:00,0.12846047883312983
2024-09-04 16:53:30+00:00,0.1389545428307409
2024-09-04 23:55:12+00:00,0.13556934930220538
2024-09-05 06:54:07+00:00,0.13531868244373574
2024-09-05 13:52:40+00:00,0.1374643562077598
2024-09-05 20:53:36+00:00,0.11631748332741476
2024-09-06 03:55:40+00:00,-0.2885421767773791
2024-09-06 10:53:32+00:00,-0.27986691172313843
2024-09-06 17:53:38+00:00,0.10369672983808857
2024-09-07 00:55:26+00:00,-0.1932299615699495
2024-09-07 07:53:49+00:00,-0.1699583889988264
2024-09-07 14:52:29+00:00,-0.17178141425789342
2024-09-07 21:55:02+00:00,0.06481129922048984
2024-09-08 04:56:41+00:00,0.06615563463532084
2024-09-08 11:54:44+00:00,0.07803324852769195
2024-09-08 18:51:19+00:00,0.09847933198709753
2024-09-09 01:52:56+00:00,0.10381704815513117
2024-09-09 08:51:29+00:00,0.0960678034851462
2024-09-09 15:49:56+00:00,0.094177888914687
2024-09-09 22:49:02+00:00,0.09843659893848179
2024-09-10 05:47:28+00:00,0.11252213404842148
2024-09-10 12:46:54+00:00,0.11822148248225055
2024-09-10 19:46:42+00:00,0.1188381109761925
2024-09-11 02:46:34+00:00,0.12175474986615761
2024-09-11 09:45:06+00:00,0.1206325596276527
2024-09-11 16:43:59+00:00,0.1364628456011514
2024-09-11 23:43:57+00:00,0.13993742121525546
2024-09-12 06:43:04+00:00,-0.2174649452878481
2024-09-12 13:41:04+00:00,0.13845223035361875
2024-09-12 20:40:11+00:00,0.13903553874542154
2024-09-13 03:40:10+00:00,0.13996419179558595
2024-09-13 10:38:34+00:00,0.14144561443366305
2024-09-13 17:37:30+00:00,0.14944530271246034
2024-09-14 00:40:04+00:00,0.14817866924923062
2024-09-14 07:38:10+00:00,0.1482219032155367
2024-09-14 14:36:53+00:00,0.14786641918603874
2024-09-14 21:39:07+00:00,0.14801939322169141
2024-09-15 04:41:26+00:00,0.14851448211085547
2024-09-15 11:42:01+00:00,0.14912666266271118
2024-09-15 18:41:12+00:00,0.14933260271699086
2024-09-16 01:46:14+00:00,0.14515937181863617
2024-09-16 08:45:45+00:00,0.14604323051670218
2024-09-16 15:45:18+00:00,0.14278913671059967
2024-09-16 22:48:07+00:00,0.14244223886945237
2024-09-17 05:47:36+00:00,0.28296944717324796
2024-09-17 12:46:42+00:00,0.14248323216446154
2024-09-17 19:48:27+00:00,0.14605568905694388
2024-09-18 02:53:41+00:00,0.14564870709121513
2024-09-18 09:52:58+00:00,0.14554086309808115
2024-09-18 16:51:37+00:00,0.14521817144960036
2024-09-18 23:55:22+00:00,0.15002621562537674
2024-09-19 06:54:44+00:00,0.14493725547209652
2024-09-19 13:53:25+00:00,0.14361581144264862
2024-09-19 20:53:00+00:00,0.14414120291889526
2024-09-20 03:53:20+00:00,0.14621167546605612
2024-09-20 10:52:44+00:00,0.13831952012805343
2024-09-20 17:51:45+00:00,0.1343431401936278
2024-09-21 00:50:14+00:00,0.13531887884148003
2024-09-21 07:48:33+00:00,0.1342317942081264
2024-09-21 14:46:14+00:00,0.13818650491502305
2024-09-21 21:44:49+00:00,0.14390396679390932
2024-09-22 04:43:38+00:00,0.13927623273940112
2024-09-22 11:41:37+00:00,0.139731516237724
2024-09-22 18:39:47+00:00,0.14171172840700405
2024-09-23 01:39:04+00:00,0.14137786535344304
2024-09-23 08:38:07+00:00,0.14214934281358246
2024-09-23 15:36:22+00:00,0.14475599545706297
2024-09-23 22:34:56+00:00,0.14128340164830158
2024-09-24 05:34:39+00:00,0.14124282909026564
2024-09-24 12:32:46+00:00,0.14177616010389857
2024-09-24 19:32:10+00:00,0.13994917336140802
2024-09-25 02:31:53+00:00,0.14454431457412123
2024-09-25 09:30:39+00:00,0.13486124680704684
2024-09-25 16:29:14+00:00,0.14744317538684584
2024-09-25 23:29:03+00:00,0.13694546766160537
2024-09-26 06:27:33+00:00,0.1454740457185319
2024-09-26 13:25:18+00:00,0.153523266831088
2024-09-26 20:24:05+00:00,0.17520855384132866
2024-09-27 03:23:15+00:00,0.17684453305550368
2024-09-27 10:21:47+00:00,0.17464762699899905
2024-09-27 17:20:06+00:00,0.171539868260551
2024-09-28 00:20:13+00:00,0.1710484184507507
2024-09-28 07:19:18+00:00,0.1728508864855679
2024-09-28 14:17:24+00:00,0.16800599697811003
2024-09-28 21:16:38+00:00,0.17107229662187878
2024-09-29 04:16:19+00:00,0.169644927441141
2024-09-29 11:15:55+00:00,0.16984927232956115
2024-09-29 18:14:19+00:00,0.1701912644769512
2024-09-30 01:16:24+00:00,0.17055100258618688
2024-09-30 08:14:55+00:00,0.1681430775119661
2024-09-30 15:13:24+00:00,0.17101744147489656
2024-09-30 22:12:35+00:00,0.1734671172216623
2024-10-01 05:11:36+00:00,0.1732664715428318
2024-10-01 12:10:04+00:00,0.1734827861484569
2024-10-01 19:11:05+00:00,0.16205850390124296
2024-10-02 02:12:21+00:00,0.16081871852648041
2024-10-02 09:11:10+00:00,0.1612216319896657
2024-10-02 16:10:13+00:00,0.15860810083977142
2024-10-02 23:10:10+00:00,0.15932200976993482
2024-10-03 06:09:08+00:00,0.16626650637088722
2024-10-03 13:09:36+00:00,0.15960555278582242
2024-10-03 20:09:02+00:00,0.16028468514239352
2024-10-04 03:08:09+00:00,0.16152543518201823
2024-10-04 10:06:30+00:00,0.16139169328632394
2024-10-04 17:05:39+00:00,0.1612316018784182
2024-10-05 00:09:04+00:00,0.1660308419299155
2024-10-05 07:06:38+00:00,0.16638382113620837
2024-10-05 14:06:04+00:00,0.1668881794783203
2024-10-05 21:11:19+00:00,0.1585937592132604
2024-10-06 04:18:53+00:00,0.1644088618371258
2024-10-06 11:17:50+00:00,0.16620656667315223
2024-10-06 18:16:59+00:00,0.16285986316833875
2024-10-07 01:25:04+00:00,0.17778703829335915
2024-10-07 08:23:24+00:00,0.1626071837315716
2024-10-07 15:22:16+00:00,0.162653784290225
2024-10-07 22:23:39+00:00,0.16545700229936514
2024-10-08 05:22:43+00:00,0.1639360398295102
2024-10-08 12:20:28+00:00,0.16787445588327635
2024-10-08 19:19:13+00:00,0.16770426568846947
2024-10-09 02:21:41+00:00,0.17310852102795932
2024-10-09 09:19:31+00:00,0.17469438734444726
2024-10-09 16:17:40+00:00,0.17415469067735798
2024-10-09 23:17:54+00:00,0.17569008298483912
2024-10-10 06:16:13+00:00,0.18176946627107382
2024-10-10 13:14:00+00:00,0.21017044760650427
2024-10-10 20:13:09+00:00,-0.0686061254893936
2024-10-11 03:14:29+00:00,0.21030167058663538
2024-10-11 10:12:49+00:00,-0.08485929618255814
2024-10-11 17:11:26+00:00,0.189938344161252
2024-10-12 00:10:58+00:00,0.19028728295158248
2024-10-12 07:09:26+00:00,0.19144218410446479
2024-10-12 14:07:41+00:00,0.19026152438473526
2024-10-12 21:07:18+00:00,0.19097834769847227
2024-10-13 04:07:28+00:00,0.19204129020639504
2024-10-13 11:05:13+00:00,0.1901586062500849
2024-10-13 18:03:16+00:00,0.19045495823672223
2024-10-14 01:04:34+00:00,0.19242557834887522
2024-10-14 08:03:17+00:00,0.19209251159160573
2024-10-14 15:02:23+00:00,0.23003250794732616
2024-10-14 22:02:19+00:00,0.22940759470837996
2024-10-15 05:01:34+00:00,0.2288882332815377
2024-10-15 12:00:17+00:00,0.22818873914470336
2024-10-15 18:59:55+00:00,0.22468621593295013
2024-10-16 01:59:13+00:00,0.21847826537071596
2024-10-16 08:58:46+00:00,0.2255854507060305
2024-10-16 15:57:53+00:00,0.2290371173070529
2024-10-16 22:56:14+00:00,0.22873373853121134
2024-10-17 05:54:18+00:00,0.2288363625053964
2024-10-17 12:53:04+00:00,0.22803714337733783
2024-10-17 19:51:41+00:00,0.22825926443910483
2024-10-18 02:50:42+00:00,0.23499639127660207
2024-10-18 09:48:51+00:00,0.2403420868438438
2024-10-18 16:47:16+00:00,0.22883753590135766
2024-10-18 23:47:18+00:00,0.22344383318907482
2024-10-19 06:45:13+00:00,0.2687701006302504
2024-10-19 13:43:57+00:00,0.25035110677520095
2024-10-19 20:43:19+00:00,0.25151961892967173
2024-10-20 03:42:00+00:00,0.25141416072829376
2024-10-20 10:39:47+00:00,0.25141416072829376
2024-10-20 17:38:12+00:00,0.2564108009305491
2024-10-21 00:37:54+00:00,0.25577458759803123
2024-10-21 07:36:44+00:00,0.25549429044337124
2024-10-21 14:34:40+00:00,0.25496300517367676
2024-10-21 21:33:06+00:00,0.24340550887635967
2024-10-22 04:32:25+00:00,0.24315377503478441
2024-10-22 11:30:16+00:00,0.27321146539681945
2024-10-22 18:29:18+00:00,0.27189380376085165
2024-10-23 01:29:09+00:00,0.2657135594549553
2024-10-23 08:26:58+00:00,0.28983971367604333
2024-10-23 15:26:09+00:00,0.30412465948126377
2024-10-23 22:24:59+00:00,0.29732240253937375
2024-10-24 05:23:26+00:00,0.30889786212350395
2024-10-24 12:21:34+00:00,0.311308829251029
2024-10-24 19:20:09+00:00,0.31066653600291416
2024-10-25 02:18:36+00:00,0.3139112332512303
2024-10-25 09:16:21+00:00,0.30181813175713806
2024-10-25 16:15:08+00:00,-0.027904492075336886
2024-10-25 23:14:20+00:00,0.29296780780428233
2024-10-26 06:13:19+00:00,0.2987811154223363
2024-10-26 13:11:06+00:00,0.2982735748643599
2024-10-26 20:08:37+00:00,0.2983151494447821
2024-10-27 03:06:22+00:00,0.2919701947167393
2024-10-27 10:03:45+00:00,0.29222529631409944
2024-10-27 17:01:11+00:00,0.2949561797148266
2024-10-27 23:59:24+00:00,0.29224447826649436
2024-10-28 06:56:58+00:00,0.291143550520084
2024-10-28 14:08:43+00:00,0.2919828879976704
2024-10-28 21:06:35+00:00,0.29118151578907275
2024-10-29 04:05:54+00:00,0.29942556097229556
2024-10-29 11:03:45+00:00,0.32474787052721216
2024-10-29 18:01:46+00:00,0.3379724644693199
2024-10-30 01:00:15+00:00,0.3374956414586533
2024-10-30 07:59:13+00:00,0.3367278520428135
2024-10-30 14:57:09+00:00,0.3357775368979438
2024-10-30 21:56:13+00:00,0.3322570286888309
2024-10-31 04:54:58+00:00,0.32946373006193036
2024-10-31 11:52:57+00:00,0.32945598436967993
2024-10-31 18:51:45+00:00,0.3172044360860359
2024-11-01 01:50:55+00:00,0.31583400588009763
2024-11-01 08:49:17+00:00,0.32228996713921354
2024-11-01 15:47:46+00:00,0.3238095727972829
2024-11-01 22:47:13+00:00,0.3260870655196067
2024-11-02 05:45:37+00:00,0.3218219494922692
2024-11-02 12:43:26+00:00,0.32196980107732465
2024-11-02 19:42:19+00:00,0.3273432707113943
2024-11-03 02:42:10+00:00,0.32064593318310963
2024-11-03 09:40:34+00:00,0.3138390498524561
2024-11-03 16:39:10+00:00,0.3096426974176582
2024-11-03 23:40:07+00:00,0.3090088832894024
2024-11-04 06:38:12+00:00,0.30844123849681215
2024-11-04 13:36:02+00:00,0.03388986255660433
2024-11-04 20:34:12+00:00,0.31307519133588047
2024-11-05 03:33:39+00:00,0.3174335525081374
2024-11-05 10:31:56+00:00,0.31698498847284845
2024-11-05 17:30:12+00:00,0.3214345523174402
2024-11-06 00:30:43+00:00,0.3207621880847439
2024-11-06 07:30:03+00:00,0.329763889662384
2024-11-06 14:29:56+00:00,0.3192743385345936
2024-11-06 21:29:19+00:00,0.31145834745267703
2024-11-07 04:28:58+00:00,0.3136397870177884
2024-11-07 11:27:34+00:00,0.31577377484091723
2024-11-07 18:27:05+00:00,0.3067683493212166
2024-11-08 01:26:29+00:00,0.33568817491130976
2024-11-08 08:25:10+00:00,0.3467305998658117
2024-11-08 15:23:26+00:00,0.368892328488298
2024-11-08 22:22:59+00:00,0.37821733745366276
2024-11-09 05:21:41+00:00,0.38491633102465816
2024-11-09 12:20:50+00:00,0.37700826198937254
2024-11-09 19:19:18+00:00,0.09483587648761309
2024-11-10 02:19:32+00:00,0.35622909377777523
2024-11-10 09:19:32+00:00,0.37196245286342633
2024-11-10 16:18:33+00:00,0.3712420765172822
2024-11-10 23:18:40+00:00,0.35618997905833655
2024-11-11 06:17:42+00:00,0.38381955191591344
2024-11-11 13:16:49+00:00,0.40654806167935786
2024-11-11 20:16:24+00:00,0.5154304558380725
2024-11-12 03:16:10+00:00,0.526080040501532
2024-11-12 10:15:43+00:00,0.26389408274740983
2024-11-12 17:15:27+00:00,0.5672798995704296
2024-11-13 00:14:13+00:00,0.7470878472295461
2024-11-13 07:13:18+00:00,0.49115625840112354
2024-11-13 14:12:30+00:00,0.820897010227837
2024-11-13 21:12:05+00:00,0.58319760505399
2024-11-14 04:10:56+00:00,0.8723381429894136
2024-11-14 11:10:26+00:00,0.8815932300617223
2024-11-14 18:10:18+00:00,0.9500089148204016
2024-11-15 01:10:02+00:00,0.8998826219783651
2024-11-15 08:08:34+00:00,0.8339715465313948
2024-11-15 15:07:29+00:00,0.5478396035718998
2024-11-15 22:06:30+00:00,0.8468054477789472
2024-11-16 05:05:19+00:00,0.5551590663303368
2024-11-16 12:03:50+00:00,0.7661720593013944
2024-11-16 19:02:25+00:00,0.4610532565864185
2024-11-17 02:01:28+00:00,0.3513872104712186
2024-11-17 08:59:53+00:00,0.3070013544380455
2024-11-17 15:58:11+00:00,0.2868098395044786
2024-11-17 22:56:39+00:00,0.454784599155654
2024-11-18 05:55:33+00:00,0.4500199461858078
2024-11-18 12:54:05+00:00,0.4551525190504824
2024-11-18 19:52:41+00:00,0.49381486703925526
2024-11-19 02:51:53+00:00,0.3046298004749437
2024-11-19 09:49:48+00:00,0.29408115417104463
2024-11-19 16:47:48+00:00,0.28943344325548004
2024-11-19 23:46:54+00:00,0.39938905889599335
2024-11-20 06:45:15+00:00,0.17143847310044605
